id,201604260705,201604260710,201604260715,201604260720,201604260725,201604260730,201604260735,201604260740,201604260745,201604260750,201604260755,201604260800,201604260805,201604260810,201604260815,201604260820,201604260825,201604260830,201604260835,201604260840,201604260845,201604260850,201604260855,201604260900,201604260905,201604260910,201604260915,201604260920,201604260925,201604260930,201604260935,201604260940,201604260945,201604260950,201604260955
22528,1,1,1,1,1,1,1,1,1,1,1,1,1,1,1,1,1,1,1,1,1,2,1,1,2,2,1,1,2,1,1,1,2,1,1
22529,1,1,2,2,1,1,1,1,1,1,2,1,1,1,1,1,1,1,1,1,1,1,1,1,1,3,3,1,1,1,1,1,1,1,2
22531,2,2,2,1,2,2,1,2,2,2,2,2,2,1,1,2,1,2,2,2,2,2,1,2,2,2,2,2,1,1,1,1,1,1,1
22535,1,2,2,1,1,1,1,3,3,2,3,3,1,1,2,2,1,1,2,1,2,2,1,1,2,2,1,3,3,2,2,1,1,1,1
22552,1,1,1,1,1,1,2,2,2,1,2,2,1,1,1,1,1,1,1,1,1,1,1,1,1,2,2,3,2,2,1,1,1,1,1
22553,1,1,1,1,1,1,1,1,1,1,1,1,1,1,1,1,1,1,1,1,1,1,1,1,2,2,1,1,1,1,1,1,1,1,1
22555,1,1,1,1,1,1,1,2,1,1,1,1,1,1,1,1,1,1,2,1,2,1,2,3,2,3,2,2,1,1,1,1,1,1,1
22556,1,1,1,1,1,1,2,2,1,1,1,1,1,1,1,1,1,1,1,1,1,1,1,2,2,4,3,2,2,2,1,1,1,1,1
22575,1,1,1,1,1,1,1,1,1,1,1,1,1,1,1,1,1,1,1,1,1,1,1,1,1,1,1,1,1,1,1,1,1,1,1
22579,1,1,1,2,1,1,1,1,1,2,2,2,2,2,2,3,3,3,2,2,2,2,2,1,2,1,1,1,1,1,1,2,2,2,1
22598,1,1,1,1,1,1,1,1,1,2,3,3,2,3,3,3,3,3,3,3,2,2,2,2,2,3,2,3,3,3,2,2,2,2,2
22610,1,1,1,1,1,1,1,1,1,1,1,1,1,1,1,1,1,1,1,1,1,1,1,1,1,1,1,1,1,1,1,1,1,1,1
22611,1,1,1,1,1,1,1,1,1,1,1,1,1,1,1,1,1,1,1,1,1,1,1,1,1,1,1,1,1,1,1,1,1,1,1
22627,1,1,1,1,1,1,1,1,1,1,1,1,1,1,1,1,1,1,1,1,1,1,1,1,1,1,1,1,1,1,1,1,1,1,1
22628,1,1,1,1,1,1,1,1,1,2,2,2,3,2,2,2,2,3,2,3,3,3,2,3,3,2,3,3,3,1,2,3,2,2,2
22629,1,1,2,2,2,2,2,2,2,2,2,2,2,3,2,2,2,2,2,2,2,1,1,1,1,1,1,1,1,1,1,1,1,1,1
22638,1,1,1,1,1,1,1,1,1,1,1,1,2,2,2,2,2,2,2,2,2,2,2,2,1,2,1,1,1,1,1,1,1,1,1
22668,1,1,1,1,1,1,1,1,1,1,1,2,3,2,3,3,3,3,2,2,2,2,2,2,2,1,1,1,1,1,1,1,1,1,1
22670,1,1,1,1,1,1,1,1,1,1,1,1,1,1,1,1,2,1,1,1,1,1,1,1,1,1,1,1,1,1,1,1,1,1,1
22671,1,1,1,1,1,1,1,1,1,1,1,1,1,1,1,1,1,1,1,1,1,1,1,1,1,1,1,1,1,1,1,1,1,1,1
22688,1,1,1,1,1,1,1,1,1,1,1,1,1,1,1,1,1,1,1,1,1,1,1,1,1,1,1,1,1,1,1,1,1,1,1
22692,1,1,1,1,1,1,1,1,1,1,1,1,1,1,1,1,1,1,1,1,1,1,1,1,1,1,1,1,1,1,1,1,1,1,1
22693,1,1,1,1,1,1,1,1,1,1,1,1,1,1,1,1,1,1,1,1,1,1,1,1,1,1,1,1,1,1,1,1,1,1,1
22700,1,1,1,1,2,2,1,2,1,1,2,2,2,1,2,1,1,1,2,1,1,1,1,2,2,2,2,1,1,1,1,1,1,1,1
22703,1,1,1,1,1,1,1,1,1,1,1,1,1,1,1,1,1,1,1,1,1,1,1,1,1,1,1,1,1,1,1,1,1,1,1
22706,1,1,1,1,2,2,1,1,1,2,2,1,2,2,2,1,1,1,1,2,2,1,1,2,1,1,1,1,2,1,1,2,2,1,1
22707,1,2,2,1,1,2,2,2,1,2,2,2,1,1,1,1,1,2,1,2,2,2,2,1,2,2,2,2,2,2,2,2,2,2,2
22708,1,1,1,1,1,1,1,1,1,1,1,1,1,1,1,1,1,1,1,1,1,1,1,2,1,2,2,1,1,2,2,1,1,2,1
22719,1,1,1,1,1,1,1,1,1,1,1,1,1,1,1,1,1,1,1,1,1,1,1,1,1,1,1,1,1,1,1,1,1,1,1
22726,1,1,1,1,1,1,1,1,1,2,1,1,2,3,3,3,2,1,1,1,1,1,1,1,1,1,1,1,1,1,1,1,1,1,1
22727,1,1,1,1,1,1,1,1,1,2,3,2,3,3,3,3,2,3,2,2,2,2,2,2,3,3,3,2,1,2,3,2,2,1,1
26853,1,1,1,1,1,1,1,1,1,1,1,1,1,1,2,2,2,2,2,2,2,2,2,2,2,2,2,2,2,2,2,2,2,2,2
26854,1,1,1,1,1,2,1,1,2,2,1,1,2,2,1,1,1,1,2,1,1,1,1,1,1,1,1,1,1,1,1,1,1,1,1
22769,1,1,1,1,1,1,1,1,1,1,2,2,1,1,1,1,1,1,1,1,1,1,1,1,1,1,1,1,1,1,1,1,1,1,1
22770,2,1,1,2,2,2,1,1,1,1,2,2,2,1,1,1,1,1,1,2,2,1,2,1,1,1,1,1,1,1,1,2,2,2,1
22771,1,1,1,1,1,1,1,1,1,1,1,1,1,1,1,1,1,1,1,1,2,2,2,2,1,1,1,1,1,1,1,1,1,1,1
22777,1,1,1,1,2,2,2,2,2,2,1,1,1,1,1,2,1,2,2,1,1,1,1,1,2,1,1,1,1,2,1,1,1,1,1
30990,1,1,1,1,1,1,1,1,1,1,1,1,1,1,1,1,1,1,1,1,1,1,1,1,1,1,1,1,1,1,1,1,1,1,1
30991,1,1,1,1,1,1,1,1,1,1,1,1,1,1,1,1,1,1,1,1,1,1,1,1,1,1,1,1,1,1,1,2,1,1,1
22810,2,2,2,2,3,3,2,2,2,2,2,2,3,2,2,2,2,2,1,1,1,1,1,1,1,1,2,1,1,2,2,3,3,3,3
22813,1,1,1,1,1,1,1,1,1,1,1,1,1,1,1,1,1,1,1,1,1,1,1,1,1,1,1,1,1,1,1,1,1,1,1
22815,1,1,1,1,1,1,1,1,1,1,1,1,1,1,1,1,1,1,1,1,1,1,1,1,1,1,2,2,1,2,1,1,2,2,1
26920,1,1,1,1,1,1,1,1,1,1,1,1,1,1,1,1,1,1,1,1,1,1,1,1,1,1,1,1,1,1,1,1,1,1,1
26933,1,1,1,1,1,1,1,1,1,1,1,1,2,2,2,1,2,2,2,1,2,2,1,2,1,1,1,2,1,1,1,1,1,1,1
26934,1,1,1,1,1,1,1,1,1,1,1,1,2,2,2,2,2,2,2,3,3,3,3,1,2,1,1,1,1,1,1,1,1,1,1
22877,1,1,1,1,1,1,1,1,1,1,1,1,1,1,1,1,1,1,1,1,1,1,1,1,1,1,1,1,1,1,1,1,1,1,1
22878,3,3,4,4,4,3,3,3,4,4,3,3,3,3,3,3,3,3,2,2,3,3,3,3,3,3,3,3,3,3,3,3,3,3,3
22900,1,1,1,1,1,1,1,1,1,1,2,1,2,2,3,2,2,2,2,1,1,1,1,1,1,3,3,2,1,1,2,2,1,1,1
22901,1,1,1,1,1,1,1,1,1,2,2,2,2,2,2,2,2,2,2,2,2,2,2,2,2,2,2,2,3,3,2,2,3,2,2
22926,1,1,1,1,1,1,1,2,1,1,1,1,2,2,1,1,2,1,1,2,2,2,2,1,2,2,1,1,1,1,1,1,1,1,1
33189,1,1,1,1,1,1,1,1,1,1,1,1,1,1,1,2,1,1,1,1,2,2,1,1,1,1,1,1,1,1,1,1,1,1,1
33195,1,1,1,1,1,1,1,1,1,1,1,1,1,1,1,1,1,1,1,1,1,1,1,1,1,1,1,1,1,1,2,1,1,1,1
27053,1,1,1,1,1,1,1,1,1,1,1,1,1,1,1,1,1,1,1,1,1,1,1,1,1,1,1,1,1,1,1,1,1,1,1
20915,1,1,1,1,1,1,1,1,1,1,1,1,1,1,1,1,2,1,1,1,1,1,1,1,1,1,1,1,1,1,1,1,1,1,1
20916,1,1,1,1,1,1,1,1,1,1,1,1,1,1,1,1,1,1,1,1,1,1,1,1,1,1,1,1,1,1,1,1,1,1,1
20920,1,1,1,2,2,1,1,1,1,1,1,1,1,1,1,1,1,1,1,1,2,4,2,2,2,2,1,1,1,1,1,1,2,1,2
27095,1,1,1,1,1,1,1,1,1,1,1,1,1,1,1,1,1,1,1,1,1,1,1,1,1,1,1,1,1,1,1,1,1,1,1
23004,1,1,1,1,1,1,1,1,1,1,1,1,1,1,1,1,1,1,1,1,1,1,1,1,1,2,1,1,1,1,1,1,1,1,1
23005,1,1,1,1,1,1,1,1,1,1,1,1,1,1,1,1,1,1,1,1,1,1,1,1,1,1,1,2,2,1,1,1,1,1,1
23006,1,1,2,3,1,1,2,2,1,1,1,1,2,2,1,1,1,1,2,2,2,2,1,1,2,2,1,1,2,2,2,2,2,3,2
23019,1,1,1,1,1,1,1,1,1,1,1,1,1,1,2,2,1,1,1,1,1,1,1,2,1,1,1,1,1,1,1,2,1,1,1
27121,1,1,1,1,1,1,1,1,1,1,1,1,1,1,1,1,1,1,1,1,1,1,1,1,1,1,1,1,1,1,1,1,1,1,1
23048,1,1,1,1,2,2,2,2,2,2,2,3,3,2,3,3,3,3,3,3,2,2,2,2,2,1,1,1,1,2,3,2,2,2,2
33291,1,1,1,1,1,1,1,1,1,1,1,1,1,1,1,1,1,1,1,1,1,1,1,1,1,1,1,1,1,1,1,1,1,1,1
33292,1,1,1,1,1,1,1,1,1,1,1,1,1,1,1,1,1,1,1,1,1,1,1,1,1,1,1,1,1,1,1,1,1,1,1
21029,1,1,1,1,1,2,2,2,1,2,2,2,2,2,1,1,1,1,2,1,1,1,1,1,1,1,1,1,1,1,1,1,1,1,1
23080,1,1,1,1,1,1,1,1,1,1,1,1,2,3,1,1,1,1,1,1,1,1,1,2,2,1,1,2,2,1,1,1,1,1,1
21053,1,1,1,1,1,2,1,1,1,1,1,1,1,1,1,1,2,1,1,1,1,1,1,1,1,1,1,1,2,1,1,1,1,1,1
23112,1,1,1,1,1,1,1,1,1,1,1,2,2,2,1,2,2,2,1,1,1,2,2,2,1,1,2,2,1,1,1,1,1,1,2
23114,1,1,1,1,1,1,1,1,1,1,1,1,1,1,1,1,1,1,1,1,1,1,1,1,1,1,1,1,1,1,1,1,1,1,1
23154,1,1,1,1,1,1,1,1,1,1,1,1,1,1,1,1,1,1,1,1,1,1,1,1,1,1,1,1,1,1,1,1,1,1,1
23155,1,1,1,1,1,1,1,1,1,1,1,1,2,1,2,1,1,1,1,1,1,1,1,1,1,1,1,1,1,1,1,1,1,1,1
23156,1,1,1,1,1,1,2,2,2,1,1,1,1,1,1,1,1,1,2,1,1,1,1,1,1,1,1,1,1,3,3,3,2,3,3
23157,1,1,1,1,1,1,1,2,1,2,1,2,2,2,2,2,2,1,1,1,1,1,1,1,1,1,1,1,1,1,1,1,1,1,1
23158,1,1,1,1,1,1,1,1,1,1,1,1,1,1,1,1,1,1,1,1,1,1,1,1,1,1,1,1,1,1,1,1,1,1,1
23159,1,1,1,1,1,1,1,1,1,1,1,1,1,1,1,1,1,1,1,1,1,1,1,1,1,1,1,1,1,1,1,1,1,1,1
27265,1,1,1,1,1,1,1,1,1,1,1,1,1,1,1,1,1,1,1,1,1,1,1,1,1,1,1,1,1,1,1,1,1,1,1
27266,1,1,1,1,1,1,1,1,1,1,1,1,1,1,1,1,1,1,1,1,1,1,1,1,1,1,1,1,1,1,1,1,1,1,1
25224,1,1,1,1,1,1,1,1,1,1,1,1,2,1,1,1,1,1,1,1,1,1,1,1,1,1,1,1,1,1,1,1,1,1,1
25225,1,2,2,1,1,1,1,1,1,1,1,1,2,1,1,1,1,1,1,1,1,1,1,1,1,1,1,1,1,1,1,1,1,1,1
25226,1,2,1,1,1,1,1,1,1,1,1,1,1,1,1,1,1,1,1,1,1,1,1,1,1,1,1,1,1,1,1,1,2,1,1
25227,1,1,1,1,1,1,1,1,1,1,1,1,1,1,1,1,1,1,1,1,1,1,1,1,1,1,1,1,1,1,1,1,1,1,1
25228,1,1,1,1,1,1,1,1,1,1,1,1,1,1,1,1,1,1,1,1,1,1,1,1,1,1,1,1,1,1,1,1,1,1,1
25229,1,1,2,2,2,1,2,2,3,2,2,2,2,2,2,2,1,1,2,1,1,1,1,1,1,1,1,1,1,1,1,1,1,1,1
27276,2,1,1,1,1,1,1,1,1,1,1,1,1,1,1,1,1,1,1,1,1,1,1,1,1,1,1,1,1,1,1,1,1,1,1
21133,1,1,1,1,1,1,1,1,1,1,1,1,1,1,1,1,1,1,1,1,1,1,1,1,1,1,1,1,1,1,1,1,1,1,1
25230,1,1,1,2,1,1,1,1,1,1,1,1,1,1,2,1,1,1,1,1,1,1,1,1,1,2,2,1,1,1,1,1,1,1,1
27277,1,1,1,1,1,1,1,1,1,1,1,1,1,1,1,1,1,1,1,1,1,1,1,1,1,1,1,1,2,1,1,1,1,1,1
21129,1,1,1,1,1,1,1,1,1,1,1,1,1,1,1,1,1,1,1,1,1,1,1,1,1,1,1,1,1,1,1,1,1,1,1
21130,1,1,1,1,1,1,1,1,1,1,1,1,1,1,1,1,1,1,1,1,1,1,1,1,1,1,1,1,1,1,1,1,1,1,1
23190,1,1,1,1,1,1,1,1,1,1,1,1,1,1,1,1,1,1,1,1,1,1,1,1,1,1,1,1,1,1,1,1,1,1,1
27294,1,1,2,2,1,1,1,1,1,1,2,2,1,3,2,1,2,2,4,1,2,2,3,3,2,4,1,2,1,1,1,1,1,1,1
27295,1,1,2,2,2,2,2,2,1,1,1,3,3,3,1,1,1,1,2,3,3,1,2,1,2,1,1,2,1,2,2,1,1,2,2
27303,1,1,2,1,1,1,1,2,2,1,2,1,1,1,1,1,1,1,1,1,1,1,1,1,1,1,1,1,1,2,1,2,1,2,2
27308,1,1,1,1,1,1,1,1,1,1,1,1,1,1,1,1,1,1,3,1,1,1,1,1,3,1,1,1,1,1,1,1,1,1,1
27309,1,1,1,1,1,1,1,1,1,1,1,1,1,1,1,1,1,1,1,1,1,1,1,1,1,1,1,1,1,1,1,1,1,1,1
27310,1,1,1,1,1,2,2,1,1,1,1,2,2,2,1,2,2,1,1,1,1,1,2,2,1,1,2,2,1,1,1,1,1,1,2
27311,1,1,1,1,1,1,1,1,1,1,1,1,1,1,1,1,2,2,2,1,1,1,1,2,2,2,1,1,1,1,1,1,1,1,1
23216,1,1,1,1,1,1,1,1,1,1,1,1,1,1,1,1,1,1,1,1,1,1,1,1,1,1,1,1,1,1,1,1,1,1,1
23217,1,1,1,1,1,1,1,1,1,1,1,1,1,1,1,1,1,1,1,1,1,1,1,1,1,1,1,1,2,1,1,1,1,1,1
27315,1,1,1,1,1,1,1,1,1,1,1,1,1,1,1,1,1,1,1,1,1,1,1,1,1,1,1,1,1,1,1,1,1,1,1
25269,1,1,1,1,1,1,1,1,1,1,1,1,1,1,1,1,1,1,1,1,1,1,1,1,1,1,1,1,1,1,1,1,1,1,1
25270,1,1,1,1,1,1,1,1,1,1,1,1,1,1,1,1,1,1,1,1,1,1,1,1,1,1,1,1,1,1,1,1,1,1,1
25271,1,1,1,1,1,1,1,1,1,1,1,1,1,2,1,1,1,1,1,1,1,1,1,1,1,1,1,1,1,1,1,1,1,1,1
27318,2,3,3,3,3,3,3,3,3,3,3,3,3,3,2,1,1,1,1,1,1,1,1,1,1,1,2,3,3,3,3,3,3,3,3
27319,2,2,2,2,3,3,3,3,3,3,3,2,2,2,1,1,1,1,1,1,1,1,1,1,1,1,1,2,3,2,2,2,3,2,3
21174,1,1,1,1,1,1,1,1,1,1,1,1,1,1,1,1,1,1,1,1,1,1,1,1,1,1,1,1,1,1,1,1,1,1,1
23229,1,1,1,1,1,1,1,1,2,1,1,1,1,1,1,1,1,1,1,1,1,1,1,1,1,1,1,1,1,1,1,1,1,1,1
23231,2,1,1,2,1,1,1,1,1,1,1,2,2,2,2,2,2,2,2,1,2,1,1,1,1,1,1,1,1,1,1,1,1,1,1
25377,1,1,1,1,1,1,1,1,1,1,1,1,1,1,1,1,1,1,1,1,1,1,1,1,1,1,1,1,1,1,1,1,1,1,1
23240,1,1,1,1,1,1,2,2,2,2,3,3,3,3,3,3,3,2,2,1,2,2,1,1,1,1,2,1,1,1,1,1,1,1,2
27363,1,1,1,1,2,2,2,2,2,2,2,2,2,2,2,2,2,2,2,2,2,2,2,2,2,3,3,3,3,3,2,3,2,2,3
27364,1,1,2,2,2,2,2,2,1,1,2,1,2,2,2,1,2,1,2,2,2,2,2,2,2,2,2,2,2,2,2,2,2,2,1
27365,1,1,2,3,2,2,1,1,1,2,1,1,1,2,2,1,2,2,3,2,3,2,1,2,1,1,2,1,2,1,2,2,1,1,1
27366,1,1,1,1,1,1,1,1,1,1,1,1,1,1,1,1,1,1,1,2,2,1,1,1,1,1,1,1,1,1,1,1,1,1,1
27367,1,1,1,1,1,1,1,1,1,1,1,1,1,1,1,1,1,1,1,3,3,1,1,1,1,1,1,1,1,1,1,1,1,1,1
27370,1,1,1,1,1,1,1,1,1,1,1,1,1,1,1,1,2,2,1,1,1,2,1,1,1,1,1,1,1,1,1,1,3,1,1
27371,1,1,1,1,1,1,1,1,1,1,1,1,1,1,1,1,1,1,1,1,1,1,1,1,1,1,1,1,1,1,1,1,3,1,1
33530,1,1,1,2,2,2,1,1,1,1,1,1,1,1,1,1,2,2,2,1,1,1,1,1,1,1,1,2,1,1,1,1,1,1,1
25338,1,1,1,1,1,1,1,1,1,1,1,1,1,1,1,1,1,1,1,1,1,1,1,1,1,1,1,1,1,1,1,1,1,1,1
25344,1,1,1,1,1,1,1,1,1,1,1,1,1,1,1,1,1,1,1,1,1,1,1,1,1,1,1,1,1,1,1,1,1,1,1
25345,1,1,1,1,1,1,1,1,1,1,1,1,1,1,1,2,2,2,1,1,2,2,1,1,1,1,1,1,1,1,1,1,1,1,1
25346,1,1,1,1,1,2,1,1,1,1,1,1,1,1,1,1,1,1,1,1,1,1,1,1,1,1,1,1,1,1,1,1,1,1,1
25347,1,1,1,1,1,1,1,1,1,1,1,1,1,1,1,1,1,1,1,1,1,1,1,1,1,1,1,1,1,1,1,1,1,1,1
27396,1,1,2,2,2,2,2,2,2,2,3,2,2,2,2,1,1,1,1,1,1,1,1,1,1,1,1,1,2,2,2,2,2,2,2
27399,1,1,1,1,2,2,2,2,2,2,2,2,2,2,2,2,2,2,2,2,2,2,2,2,3,2,2,2,2,2,2,2,2,2,2
25358,1,3,3,1,1,1,1,1,1,1,1,1,1,1,1,1,1,1,1,1,1,1,1,1,1,1,1,1,1,1,1,1,1,1,1
25359,1,1,1,1,1,1,1,1,1,1,1,1,1,1,1,1,1,2,2,2,1,1,1,1,1,1,1,1,1,1,1,1,1,1,1
27411,1,1,1,1,1,1,2,2,2,2,2,1,1,1,1,1,1,1,2,2,2,2,1,1,1,1,1,1,1,1,1,1,1,1,1
25365,1,1,1,1,1,3,1,1,1,1,1,1,1,1,1,1,1,1,1,2,1,1,1,1,1,2,1,1,1,1,1,1,1,1,1
27416,1,1,1,1,1,1,1,1,1,1,1,1,1,1,1,1,1,1,1,1,1,1,1,1,1,1,1,1,1,1,1,1,1,1,1
27417,2,2,2,2,2,2,2,2,2,2,2,2,2,2,2,2,2,2,2,2,2,2,2,2,2,2,2,2,2,2,2,2,2,2,2
33568,1,1,1,1,1,2,2,2,2,2,2,2,1,1,2,1,1,2,2,2,1,1,1,1,1,1,1,1,1,1,1,1,1,1,1
25376,1,1,1,1,2,2,1,2,1,1,1,1,1,1,1,1,1,2,1,1,1,1,1,1,1,1,1,1,1,1,1,1,1,1,1
33569,1,1,2,1,1,1,2,2,1,1,2,3,2,1,1,1,1,1,3,3,2,2,1,2,2,2,1,1,1,2,2,2,2,2,2
25379,2,1,1,1,1,1,1,1,1,1,3,2,1,1,1,1,2,2,1,1,1,1,1,1,1,1,1,1,1,1,1,1,1,1,1
27427,1,1,1,1,1,1,1,1,2,1,1,2,3,3,3,3,3,3,2,1,1,1,1,1,1,1,1,1,2,1,1,1,1,1,1
25381,2,2,2,2,2,2,2,3,2,3,3,2,3,2,2,2,2,2,2,3,3,3,3,2,2,2,3,3,2,2,2,2,2,2,2
27429,1,1,2,2,2,3,2,2,1,1,2,2,2,2,2,1,3,1,3,3,2,3,3,2,2,2,2,2,2,3,2,2,2,2,1
25378,1,2,2,2,2,3,2,3,3,3,3,3,3,3,3,3,3,3,3,3,2,2,2,2,1,1,1,1,1,1,1,1,1,1,1
33574,2,2,2,2,2,2,2,3,3,4,4,3,4,4,4,4,4,4,4,4,4,3,3,3,3,3,4,4,4,4,3,3,3,4,3
27431,1,1,1,1,1,1,1,1,1,1,1,1,1,1,1,1,1,1,1,1,1,1,1,1,2,1,1,1,1,1,1,1,1,1,1
25384,2,2,2,3,3,3,1,3,3,3,2,3,3,3,3,2,2,2,3,3,2,3,3,3,3,3,3,2,3,2,2,1,2,2,2
25385,1,1,1,1,1,1,1,1,1,2,1,1,1,2,2,1,1,1,2,1,1,1,1,1,1,1,2,1,2,2,2,1,1,1,1
25386,1,1,1,1,1,1,1,1,1,1,1,1,1,1,1,1,1,1,1,1,1,1,1,1,1,1,1,1,1,1,1,1,1,1,1
25387,1,1,1,1,1,1,1,1,1,1,1,1,1,1,1,1,1,1,1,1,1,1,1,1,1,1,1,1,1,1,1,1,1,1,1
25388,1,1,1,2,2,2,2,2,2,2,2,3,2,3,3,3,3,3,3,3,3,3,2,2,2,2,2,2,2,2,2,2,2,2,2
25389,2,1,2,2,1,2,1,1,2,1,1,1,1,1,1,1,1,1,1,1,1,1,1,1,1,2,2,2,2,2,2,2,2,2,2
25390,2,1,2,2,1,2,1,1,2,1,1,1,1,1,1,1,1,1,1,1,1,1,1,1,1,2,2,2,2,2,2,2,2,2,2
27435,1,1,1,1,1,1,1,1,1,1,1,1,1,1,1,1,1,1,1,1,1,1,1,1,1,1,1,1,1,1,1,1,1,1,1
25391,1,1,1,1,2,2,2,2,1,1,1,1,1,1,1,1,1,1,1,1,1,1,1,1,1,1,1,1,1,1,1,1,1,1,1
23361,1,1,1,1,1,1,1,1,1,1,1,1,1,1,1,1,1,1,1,1,1,1,1,1,1,1,1,1,1,1,1,1,1,1,1
21319,2,2,1,1,1,1,1,3,2,1,1,1,2,3,1,1,2,1,1,1,2,2,3,3,1,1,1,3,2,1,1,1,2,2,2
25418,1,1,3,1,1,1,1,1,1,1,1,1,1,1,1,1,1,1,1,1,1,1,1,1,1,1,1,1,1,1,1,1,1,1,1
21336,1,2,1,1,1,1,1,3,2,2,1,1,2,3,1,1,1,1,1,1,2,2,3,3,1,1,1,3,2,1,1,1,1,1,2
21337,1,2,1,1,1,2,2,2,2,2,2,2,1,1,2,2,2,1,1,1,1,1,2,1,1,2,2,2,1,1,1,1,2,2,1
21338,1,2,1,1,1,2,2,2,2,2,2,2,1,1,2,2,2,1,1,1,1,1,2,1,1,2,2,2,1,1,1,1,2,2,1
27499,2,3,2,3,3,3,3,3,3,3,3,3,2,2,3,3,2,1,1,1,1,1,1,1,1,2,3,3,3,2,3,3,3,3,3
25459,1,1,1,1,1,1,1,1,1,1,1,1,2,1,1,1,1,1,1,1,1,1,1,1,1,1,1,1,1,1,1,1,2,2,1
25460,1,2,2,2,2,1,1,1,2,2,2,2,2,3,2,2,2,2,3,3,3,2,2,1,3,2,3,3,2,3,3,3,3,3,3
25461,1,2,2,2,2,1,1,1,2,2,2,2,2,3,2,2,2,2,3,3,3,2,2,1,3,2,3,3,2,3,3,3,3,3,3
25465,1,1,1,1,1,1,1,1,1,1,1,1,1,1,1,1,2,2,2,2,2,3,3,2,2,2,2,2,2,2,2,3,3,2,2
25466,1,1,1,1,1,1,1,1,1,1,1,1,1,1,1,1,1,1,1,1,1,1,1,1,1,1,1,1,1,1,1,1,1,1,1
25473,1,1,1,1,1,1,1,1,1,1,1,1,1,1,1,1,1,1,1,1,1,1,1,1,1,1,1,1,1,1,1,1,1,1,1
25474,1,1,1,1,1,1,1,1,1,1,1,1,1,1,1,1,1,1,1,1,1,1,1,1,1,1,1,1,1,1,1,1,1,1,1
25475,1,1,1,1,1,1,1,1,1,1,3,1,1,1,1,2,3,3,2,2,2,1,1,1,1,2,2,1,3,1,1,1,1,1,1
25476,1,1,1,1,1,1,1,1,1,1,2,1,1,1,1,1,2,2,1,1,1,1,1,1,1,1,1,1,1,1,1,1,1,1,1
25480,1,2,2,2,2,3,2,2,1,1,1,1,1,1,1,1,1,1,1,1,1,1,1,1,1,1,2,2,2,1,1,1,1,1,1
25481,1,2,2,2,2,2,2,2,2,2,2,3,2,2,2,3,3,2,3,2,2,2,3,3,3,3,3,3,3,3,3,2,3,3,3
25482,1,1,1,1,1,1,1,1,1,1,1,1,1,1,1,1,1,1,1,1,1,1,1,1,1,1,1,1,1,1,1,1,1,1,1
21397,2,2,1,1,1,1,1,1,1,1,1,2,2,1,1,1,1,1,1,1,1,1,1,1,1,1,1,1,1,1,1,1,1,1,1
21398,1,1,1,1,1,1,1,1,1,1,1,1,1,1,1,1,1,1,1,1,1,1,1,1,1,1,1,1,1,1,1,1,1,1,1
21407,1,1,1,1,1,1,1,1,1,1,1,1,1,1,1,1,1,1,1,1,1,1,1,1,1,1,3,1,1,1,1,1,1,1,1
21413,1,1,1,1,1,1,1,1,2,1,1,1,1,1,1,1,1,1,1,1,1,1,1,1,1,1,1,1,1,1,1,1,1,1,1
25513,1,1,1,1,1,1,1,1,1,1,1,1,1,1,1,1,1,1,1,1,1,1,1,1,1,1,1,1,1,1,1,1,1,1,1
25514,1,1,1,1,1,1,1,1,1,1,1,1,1,1,1,1,1,1,1,1,1,1,1,1,1,1,1,1,1,1,1,1,1,1,1
25524,1,1,1,1,1,1,1,1,1,1,1,1,1,1,1,2,1,2,1,1,1,1,1,1,1,1,1,1,1,1,1,1,1,1,1
25526,1,1,1,1,1,1,1,1,1,1,1,1,1,1,1,1,1,1,1,1,1,2,2,1,2,1,1,1,1,1,1,1,1,1,1
21434,1,1,1,1,1,1,1,1,1,1,2,1,1,1,1,1,1,1,1,2,1,2,1,1,1,1,1,1,1,1,1,2,2,1,1
21435,1,1,1,1,1,1,1,1,1,1,1,1,1,1,1,1,1,1,1,1,1,1,1,1,1,1,1,1,1,1,1,1,1,1,1
23496,2,2,2,2,1,1,1,1,1,1,1,2,2,1,2,1,1,2,3,1,1,2,2,1,1,1,1,1,1,1,1,1,1,1,1
23497,1,1,1,1,1,1,1,1,1,1,1,1,1,1,1,1,1,1,2,1,1,1,1,1,1,1,1,1,1,1,1,1,1,1,1
23498,1,1,1,1,1,1,1,1,1,1,1,1,1,1,1,2,2,1,1,1,1,1,1,1,1,1,1,1,1,1,1,1,1,1,1
25555,1,1,1,1,1,1,1,1,1,1,1,1,1,1,1,1,1,1,1,1,1,2,3,2,1,2,1,1,1,1,1,1,1,1,1
25556,1,1,1,1,1,1,1,1,1,1,1,1,1,1,1,1,1,1,1,1,1,1,3,1,1,1,1,1,1,1,1,1,1,1,1
25557,1,1,1,1,1,1,1,1,1,1,1,1,2,1,1,1,1,1,1,1,1,1,1,1,1,1,1,1,1,1,1,1,1,1,1
25558,1,1,1,1,1,1,1,1,1,1,1,1,1,1,1,1,1,1,1,1,2,1,1,1,1,1,1,1,1,1,1,1,1,1,1
25559,1,1,1,1,2,1,1,1,1,2,1,1,2,1,1,1,2,2,2,1,1,1,1,1,1,2,2,2,1,1,1,1,1,1,1
25560,1,1,1,1,1,1,1,2,2,2,2,2,2,2,2,2,2,2,2,2,2,2,2,3,2,2,2,2,1,2,3,3,3,3,2
25561,1,1,1,1,1,1,1,1,1,2,2,3,3,2,2,2,2,3,3,2,2,3,2,2,3,2,3,3,3,1,2,3,3,3,2
25568,1,1,1,1,1,1,1,1,1,1,1,1,1,1,1,1,1,1,1,1,1,1,1,1,1,1,1,1,1,1,1,1,1,1,1
25583,1,1,1,1,1,1,1,1,1,1,1,1,2,2,2,3,2,1,1,1,1,1,1,1,1,2,2,2,1,1,1,1,1,1,1
23541,1,1,1,1,1,1,1,1,1,1,1,1,1,1,1,1,1,1,1,1,1,1,2,1,2,2,1,1,1,1,1,1,1,1,1
23542,1,1,1,1,1,1,1,1,1,1,1,1,1,1,1,1,1,1,1,1,2,1,1,1,1,1,1,1,2,1,1,1,2,1,1
23543,1,1,1,1,1,1,1,1,1,1,1,1,1,1,1,1,1,1,1,1,1,1,1,1,1,1,1,1,1,1,1,1,1,1,1
21501,1,1,1,1,1,1,1,1,2,1,2,2,2,1,2,1,1,1,1,1,1,2,1,2,1,1,1,1,2,1,1,1,1,1,1
21503,1,1,1,1,1,1,1,1,1,1,1,1,1,1,1,1,1,1,1,2,1,1,1,1,1,1,1,1,1,1,1,1,1,1,1
27655,1,1,1,2,2,2,2,2,2,2,2,2,2,3,3,3,3,3,3,3,3,2,2,2,2,2,2,2,2,2,2,2,2,2,2
27664,1,1,1,3,1,1,1,1,1,1,1,2,2,2,2,1,2,2,2,3,3,3,3,2,2,1,2,2,2,1,2,2,1,2,1
27665,1,1,1,1,1,1,1,1,2,2,1,1,2,2,2,2,2,2,2,2,1,2,1,1,1,1,1,2,1,1,1,2,1,1,1
27672,1,1,1,1,1,1,1,1,1,1,1,1,1,1,2,2,2,2,3,3,3,2,3,3,2,3,3,3,3,3,3,2,2,2,2
27673,1,1,1,1,1,1,1,1,1,1,1,1,1,1,1,1,1,1,1,1,1,1,1,1,1,1,1,1,1,1,1,1,1,1,1
27674,1,1,1,1,1,1,1,1,1,1,1,1,1,1,1,1,1,1,1,1,1,1,1,1,1,1,1,1,1,1,1,1,1,1,1
27675,1,1,1,1,1,1,1,1,1,1,1,1,1,1,1,1,1,1,1,1,1,1,1,1,1,1,1,2,1,1,1,1,1,1,1
27676,1,1,1,1,1,1,1,1,1,1,1,1,1,1,1,1,1,1,1,1,1,1,1,1,1,1,1,1,1,1,1,1,1,1,1
27677,1,1,1,1,1,1,1,1,1,1,1,1,1,2,1,2,3,3,3,3,3,2,1,2,1,1,1,1,3,2,1,1,1,1,1
27679,1,1,1,1,1,1,1,2,1,1,1,2,2,1,2,2,2,2,3,3,3,4,3,3,2,3,2,3,4,3,2,2,2,2,2
27682,1,1,1,1,1,1,1,1,1,1,1,1,1,1,1,1,1,1,1,1,1,1,1,1,1,1,1,1,1,1,1,1,1,1,1
27685,1,1,1,1,1,1,1,1,1,1,1,1,1,1,1,1,1,1,1,1,1,1,1,1,1,1,1,1,1,1,1,1,1,1,1
27686,1,1,1,1,1,1,1,1,1,1,1,1,1,1,1,1,1,1,1,1,1,1,1,1,1,1,1,1,1,1,1,1,1,1,1
27687,1,1,1,1,1,1,1,1,1,1,1,1,1,1,1,1,1,1,1,1,1,1,1,1,1,1,1,1,1,1,1,1,1,1,1
27692,1,1,2,2,2,1,1,1,2,1,1,1,1,1,1,1,1,1,1,1,1,1,1,1,1,1,1,1,1,2,2,1,3,3,1
27693,1,1,2,2,2,1,1,2,2,1,1,1,1,1,1,1,1,1,1,1,1,1,1,1,1,1,1,1,1,2,2,1,3,3,1
27694,1,1,1,1,1,1,1,2,1,1,1,1,1,1,1,1,1,1,1,1,1,1,2,1,1,1,1,1,1,1,1,1,1,1,1
27732,1,1,1,1,1,1,1,2,1,1,1,1,1,1,1,1,1,1,1,1,1,1,1,1,1,1,1,1,1,1,1,1,1,1,1
27733,1,1,1,1,1,1,1,1,1,1,1,1,1,1,1,1,1,1,1,1,1,1,1,2,1,1,1,1,1,1,1,1,1,1,1
27734,1,1,1,1,1,1,1,2,2,1,2,1,2,1,1,1,1,1,1,1,1,1,1,1,1,1,1,1,1,1,1,1,1,1,1
27735,1,1,1,1,1,1,1,1,1,1,1,2,1,2,2,1,1,1,1,1,1,1,1,1,1,2,1,1,1,1,1,1,1,1,1
33889,2,2,2,2,2,1,2,2,2,2,2,2,2,2,2,2,2,2,2,2,2,1,1,2,2,3,3,1,2,2,2,1,1,1,3
27761,2,2,2,2,1,1,1,1,1,1,2,2,1,2,1,2,2,1,1,2,2,2,3,3,2,2,1,1,1,1,1,1,1,1,1
27762,2,1,2,2,1,1,1,1,1,1,1,1,1,2,1,1,1,1,1,1,1,1,1,1,1,1,1,1,1,1,1,1,1,1,1
27763,1,1,1,2,1,1,2,2,2,2,1,1,1,1,1,1,1,1,1,1,1,1,1,1,1,1,1,3,1,1,1,1,2,1,1
27764,2,1,1,2,1,1,2,2,2,2,1,1,1,1,1,1,1,1,1,1,1,1,1,1,1,1,1,2,1,1,1,1,1,2,1
27776,1,1,2,1,2,1,1,2,1,1,1,1,2,2,1,1,1,1,1,2,1,2,1,1,1,1,1,1,1,1,1,1,1,1,1
27777,1,1,2,1,1,1,2,2,2,1,1,1,2,2,2,1,2,1,1,1,1,1,1,1,1,1,1,2,2,2,1,1,1,1,1
23682,1,1,2,2,2,2,2,2,2,2,2,2,2,2,2,2,2,2,2,2,2,1,2,2,2,2,2,2,2,2,2,2,2,2,2
27778,2,1,2,2,2,1,1,2,2,2,2,1,1,2,2,2,1,1,2,2,2,2,2,2,2,2,2,2,2,3,2,3,2,2,2
23683,2,2,2,2,2,2,2,2,3,2,2,2,2,2,2,2,2,2,2,1,1,1,1,2,2,3,3,3,2,3,3,3,2,3,2
23681,1,1,2,2,2,2,2,2,2,2,2,2,2,2,2,2,2,2,2,2,2,2,2,2,2,2,2,3,2,3,2,2,2,2,2
23693,1,1,1,1,1,1,1,2,2,1,1,1,2,2,1,1,1,1,1,1,2,1,1,1,2,1,1,1,3,1,1,1,1,1,1
35982,1,1,1,1,1,1,1,1,1,1,2,1,2,2,2,2,3,3,2,3,2,2,3,2,4,2,2,1,3,2,2,3,2,3,2
27798,1,1,1,1,1,1,1,2,1,1,1,2,2,1,1,1,3,3,1,3,2,1,1,1,2,2,1,2,1,2,2,1,1,1,2
27808,1,1,1,1,1,1,1,1,1,1,1,1,1,1,1,1,1,1,1,1,1,1,1,1,1,1,1,1,1,1,1,1,1,1,1
27809,2,3,3,3,3,3,3,3,3,3,3,3,4,3,3,3,3,3,3,3,3,3,2,2,1,1,1,1,1,1,1,1,1,1,1
27810,1,1,1,1,1,1,1,2,1,1,3,1,1,1,1,1,1,1,1,1,2,2,1,1,1,1,1,1,1,1,1,1,1,1,1
27811,1,1,1,1,2,3,3,3,3,3,3,3,2,2,2,2,2,2,1,1,1,1,1,1,1,1,1,1,1,1,1,1,1,1,1
27812,1,1,1,1,1,1,1,1,1,1,1,1,1,1,1,1,1,1,1,1,1,1,1,1,1,1,1,1,1,1,1,1,1,1,1
36002,1,2,3,2,1,1,1,2,2,2,2,2,2,1,2,2,2,1,3,2,3,3,3,2,2,2,2,2,2,2,2,2,3,2,2
27821,2,1,1,3,3,3,3,2,1,1,1,1,1,1,1,1,1,1,1,1,1,1,1,1,1,1,1,1,1,1,1,1,1,1,1
27822,1,1,1,1,3,3,2,1,1,1,1,1,1,1,1,1,1,1,1,1,1,1,1,1,1,1,1,1,1,1,1,1,1,1,1
27823,1,1,1,1,1,1,1,1,1,1,1,1,1,1,1,1,1,1,1,1,1,1,1,1,1,1,1,1,1,1,1,1,1,1,1
23728,1,1,1,1,1,1,1,2,2,2,3,3,3,3,3,2,2,3,2,3,2,2,2,2,4,3,3,2,3,3,2,2,2,2,2
23729,1,1,1,1,1,1,1,1,2,2,3,3,3,3,3,2,2,3,2,2,2,2,3,2,3,4,3,2,2,2,2,2,2,2,2
36024,1,1,3,3,3,3,1,2,1,1,1,1,1,1,1,1,1,1,1,1,1,1,1,1,1,1,1,1,1,1,1,1,1,1,1
23743,1,1,1,1,1,1,1,1,1,1,1,1,1,1,1,1,1,1,1,1,1,1,1,1,1,1,1,1,1,1,1,1,1,1,1
23744,1,3,1,1,1,1,2,2,2,2,2,1,1,1,1,1,2,2,2,2,2,2,2,2,2,2,2,2,2,1,2,2,2,2,2
23745,1,2,1,1,1,1,1,1,1,1,1,1,1,1,1,1,1,1,1,1,1,1,1,1,1,1,1,1,1,2,2,1,1,1,1
23746,1,2,2,2,1,1,1,2,2,1,1,1,1,1,1,1,1,1,1,1,1,1,1,1,1,1,1,1,1,2,2,1,1,1,1
23747,2,2,2,1,2,2,2,2,2,2,2,2,1,2,2,1,1,1,1,1,3,1,1,1,1,1,1,1,1,1,1,1,1,1,1
23748,2,1,1,1,1,1,1,1,2,2,1,1,1,1,2,1,1,1,1,1,1,1,1,1,1,1,1,1,1,1,1,1,1,1,1
27846,1,3,1,2,2,2,2,2,1,2,2,3,2,1,2,2,3,2,2,2,3,1,3,3,1,3,2,2,1,2,2,2,2,2,1
27847,1,1,1,1,1,1,2,1,1,1,1,1,1,1,1,1,1,1,1,1,1,1,1,1,1,1,1,1,1,1,1,1,1,1,1
23758,1,1,1,1,1,1,1,1,1,1,1,1,1,1,1,1,1,1,1,1,1,1,2,2,2,1,2,3,3,3,2,3,1,1,1
23759,1,3,1,1,1,1,2,2,2,2,2,1,1,1,1,1,2,2,2,2,2,2,2,2,2,2,2,2,2,1,2,2,2,2,2
27865,1,1,1,1,1,1,1,1,1,1,1,1,1,1,1,1,1,1,1,1,1,1,1,1,1,1,1,1,1,1,1,1,1,1,1
27866,1,1,1,1,1,1,1,1,1,1,1,1,1,1,1,1,1,1,1,1,1,1,1,1,1,1,1,1,1,1,1,1,1,1,1
27867,1,1,1,1,1,1,1,1,1,1,1,1,1,1,1,1,1,1,1,1,1,1,1,1,1,1,1,1,1,1,1,1,1,1,1
27868,1,1,1,1,1,1,1,1,1,1,1,1,1,1,1,1,1,1,1,1,1,1,1,1,1,1,1,1,1,1,1,2,1,1,1
27869,1,1,1,1,1,1,1,1,1,1,1,1,1,1,1,1,1,1,1,1,1,1,1,1,1,1,1,1,1,1,1,1,1,1,1
27874,2,2,2,2,2,2,2,2,2,2,2,2,2,2,2,2,2,2,2,2,2,2,2,1,1,1,1,1,1,1,1,1,1,1,1
27875,2,2,2,2,2,2,2,2,2,2,1,2,2,2,2,2,2,2,2,2,2,1,1,1,1,1,1,1,1,1,1,1,1,1,1
27876,1,1,1,1,1,1,1,1,1,1,2,2,2,2,2,3,2,2,2,2,2,2,1,1,1,1,1,1,2,3,2,1,1,1,1
27886,1,1,1,1,1,1,1,1,1,1,1,1,1,1,1,1,1,1,1,1,1,1,1,1,1,1,1,1,1,1,1,1,1,1,1
27894,2,2,2,2,2,2,2,2,2,3,2,3,2,3,3,3,3,3,3,2,2,2,3,3,2,3,2,2,3,3,3,2,2,2,3
27906,1,1,1,1,1,1,1,1,1,1,1,1,1,1,1,2,2,1,1,1,1,1,1,1,1,1,1,1,1,1,1,1,1,1,1
27907,1,1,1,1,1,1,1,1,1,1,1,1,1,1,1,1,1,1,1,1,1,1,1,1,1,1,1,1,1,1,1,1,1,1,1
23812,2,2,2,2,3,3,3,2,3,3,3,1,1,1,1,2,2,1,2,3,3,3,3,3,2,2,3,3,3,3,3,3,2,3,2
23816,1,1,1,1,1,1,1,1,1,1,1,1,1,1,1,1,1,1,1,1,1,1,1,1,1,1,1,1,1,1,1,1,1,1,1
23817,1,1,1,1,1,1,1,1,1,1,1,1,1,1,1,1,1,1,1,1,1,1,1,1,1,1,1,1,1,1,1,1,1,1,1
23821,1,1,1,2,1,1,1,1,1,1,1,1,1,1,1,1,1,1,1,1,1,1,1,1,1,1,1,1,1,1,1,1,1,1,1
23863,1,1,1,1,1,1,1,1,1,1,1,1,1,1,1,1,1,1,3,3,3,3,3,3,3,1,1,1,1,1,1,1,1,1,1
28003,2,2,2,2,1,2,2,2,2,2,2,2,3,3,2,2,2,2,2,2,3,3,2,2,2,2,2,2,2,2,2,3,2,3,3
28004,1,1,1,1,2,2,1,1,1,1,1,1,1,1,1,1,1,1,1,1,1,1,1,1,1,1,1,1,1,1,1,1,1,1,1
28005,1,1,1,1,1,1,1,1,1,1,1,1,1,1,1,1,1,1,1,1,1,1,1,1,1,1,1,1,1,1,1,1,1,1,1
28006,1,1,1,1,1,1,1,1,1,1,1,1,1,1,1,1,1,1,1,1,1,1,1,1,1,2,2,2,2,2,1,1,1,1,2
28007,2,2,2,1,2,2,2,1,1,2,2,1,1,2,2,2,1,1,1,1,1,1,1,2,2,2,2,2,2,2,2,2,2,1,1
28021,1,1,1,1,1,1,1,1,1,2,1,1,1,1,1,1,1,1,1,1,1,1,1,1,1,1,1,1,2,1,1,2,2,1,1
28024,1,1,1,1,1,1,1,1,1,1,1,1,1,1,1,1,1,1,1,1,1,1,1,1,1,1,1,1,1,1,1,1,1,1,1
28029,1,1,1,1,1,1,1,1,2,2,2,2,2,2,2,3,2,2,2,2,2,2,2,1,1,1,1,1,1,1,1,1,1,1,1
28032,1,1,1,1,1,1,1,1,2,1,1,1,1,1,1,1,1,1,1,1,1,1,1,1,1,1,1,1,1,1,1,1,1,1,1
28033,1,1,1,1,1,1,1,1,1,1,1,1,2,2,2,2,2,2,2,2,3,3,3,3,3,3,3,4,3,3,3,3,2,2,3
28034,1,2,2,2,2,2,2,2,2,2,2,2,2,2,2,2,2,2,2,3,2,2,2,2,2,2,2,3,2,3,3,3,3,3,2
28035,1,1,1,1,1,1,1,1,2,2,2,2,3,3,3,3,3,2,2,2,2,1,1,2,2,3,3,3,2,1,2,2,2,1,1
28036,1,1,1,2,2,1,2,2,2,2,2,3,2,3,3,3,3,2,3,2,1,2,2,2,2,3,3,3,2,2,2,2,2,2,2
28052,1,1,1,1,1,1,1,1,1,1,1,1,1,1,1,1,1,1,1,1,1,1,1,1,1,1,1,1,1,1,1,1,1,1,1
28072,1,1,1,1,1,1,1,1,1,1,1,1,1,1,1,1,1,1,1,1,1,1,1,1,1,1,1,1,1,1,1,1,1,1,1
28089,1,1,1,1,1,1,1,1,2,2,2,2,2,2,2,2,2,2,2,2,2,2,2,2,2,2,2,1,1,2,2,2,3,2,2
28099,2,3,4,4,3,3,3,2,3,3,2,3,3,3,2,3,2,2,2,3,2,2,2,2,2,2,1,2,2,1,2,1,1,1,1
28100,2,1,3,3,3,4,3,1,1,2,2,2,1,1,1,1,1,1,1,1,2,2,1,1,1,1,2,1,1,2,2,2,1,1,1
28101,1,1,1,1,1,1,1,1,1,1,1,1,1,1,1,1,1,1,2,2,2,2,2,1,2,2,2,1,1,1,1,1,1,1,1
28102,1,1,1,1,1,1,1,1,1,1,1,1,1,1,1,1,1,1,2,2,2,1,1,1,1,1,1,1,1,1,1,1,1,1,1
28103,1,1,1,1,2,3,2,2,3,3,2,3,2,3,3,3,3,3,2,3,3,3,3,3,3,3,3,3,3,2,2,2,2,3,3
28111,1,1,1,1,1,1,1,1,1,1,1,1,1,1,1,1,1,1,1,1,1,1,1,1,1,1,1,1,1,1,1,1,1,1,1
28112,1,1,1,1,1,1,1,1,1,1,1,1,2,2,2,1,2,1,1,1,1,1,1,1,1,1,1,1,1,1,1,1,1,1,1
28114,1,1,1,1,1,1,1,1,1,1,1,1,1,1,1,1,1,1,1,1,1,1,1,1,1,1,3,1,1,1,1,1,1,1,1
28122,1,1,1,1,1,1,1,1,1,1,1,1,1,1,1,1,1,1,1,1,1,1,1,1,1,1,1,1,1,1,1,1,1,1,1
28126,1,1,1,1,1,1,1,1,1,1,1,1,1,1,1,1,1,1,1,1,1,1,1,1,1,1,1,1,1,1,1,1,1,1,1
28190,1,1,1,1,1,1,1,1,1,1,1,1,1,1,1,1,1,1,1,1,1,1,1,1,1,1,1,1,1,1,1,1,1,1,1
28191,1,1,1,1,1,1,1,1,1,1,1,1,1,1,1,1,1,1,1,1,1,1,1,1,1,1,1,1,1,1,1,1,1,1,1
24104,1,1,1,1,1,1,1,1,1,1,1,1,1,1,1,1,1,1,2,2,1,1,1,1,1,1,1,1,1,2,2,2,1,1,1
28200,1,1,1,1,1,1,1,1,1,1,1,1,1,1,1,1,1,1,1,1,1,1,1,1,1,1,1,1,1,1,1,1,1,1,1
24106,1,1,1,1,1,1,1,2,2,1,1,1,1,1,1,1,1,1,1,1,1,1,1,1,1,1,1,1,1,1,1,1,1,1,1
24105,1,1,1,1,1,1,1,3,3,1,1,1,2,1,1,1,1,1,1,1,1,1,1,1,1,1,1,1,1,1,1,1,1,1,1
24108,1,2,1,1,1,1,1,1,1,1,1,1,1,1,1,1,1,1,1,1,1,1,1,1,1,1,1,1,1,1,1,1,3,1,1
28247,1,1,1,1,1,1,1,1,1,1,1,1,1,1,1,1,1,1,1,1,1,2,2,1,1,1,1,1,1,1,1,1,1,1,1
28264,1,1,1,1,1,1,1,1,1,1,1,1,1,1,1,1,1,1,1,1,1,1,1,1,1,1,1,1,1,1,1,1,1,1,1
28281,2,2,3,3,3,3,3,3,3,2,3,3,3,3,3,3,3,3,3,3,3,3,3,3,3,3,3,3,3,3,3,3,3,3,3
28282,1,2,2,2,2,2,3,3,2,2,2,2,2,2,3,3,2,2,2,3,2,2,3,3,3,3,3,3,3,3,3,3,3,3,3
28283,1,1,1,2,2,2,2,2,2,2,1,1,1,1,1,1,2,2,2,1,2,2,1,1,2,2,3,3,2,2,1,1,1,2,3
28292,1,1,2,3,3,2,2,2,1,2,1,1,1,1,1,1,1,1,1,1,1,1,1,2,1,1,1,1,1,1,1,1,1,1,1
36524,1,1,1,1,1,1,1,1,1,1,2,1,2,2,3,3,2,2,2,2,3,2,2,2,2,2,2,2,2,2,2,2,2,2,2
36525,1,1,1,1,1,1,2,2,1,1,2,1,1,1,1,1,1,1,1,1,1,1,1,1,1,1,1,1,1,1,1,1,1,1,1
28340,2,2,2,2,2,2,2,2,2,1,1,1,2,2,2,2,2,2,2,1,2,1,2,2,1,1,1,1,1,1,2,2,1,1,1
36534,1,1,1,1,1,1,1,1,2,1,1,1,2,2,2,2,2,1,1,2,2,2,2,2,3,3,2,2,1,1,1,1,1,1,1
28362,1,1,1,1,1,1,1,1,1,2,2,2,3,3,3,3,2,3,3,3,3,4,2,3,3,3,2,4,4,2,2,3,3,3,3
28369,1,1,1,1,1,1,1,1,1,1,1,1,1,1,1,1,1,1,1,1,1,1,1,1,1,1,1,1,1,3,1,1,1,1,1
28370,1,1,1,1,1,1,1,1,1,1,1,1,1,1,1,1,1,1,1,1,1,1,1,1,1,1,1,1,1,3,1,1,1,1,1
24277,1,1,1,1,1,1,1,1,1,1,1,1,1,1,1,1,1,1,1,1,1,1,1,1,1,1,1,1,1,1,1,1,1,1,1
24278,1,1,1,1,1,1,1,1,1,1,1,1,1,1,1,1,1,1,1,1,1,1,1,1,1,1,1,1,1,1,1,1,1,1,1
28401,1,1,1,1,1,1,1,1,1,2,3,3,2,2,3,3,3,2,3,2,2,1,1,2,1,1,1,2,3,3,2,1,1,2,1
28402,1,1,1,1,1,1,1,1,1,1,1,1,1,2,2,2,1,1,2,2,2,3,3,3,3,3,2,4,4,3,2,3,3,3,3
28403,1,1,1,1,1,1,1,1,1,1,1,1,1,1,1,1,1,1,1,1,1,1,3,2,2,3,3,3,4,4,2,2,3,2,2
28408,1,1,1,1,1,1,1,1,1,1,1,1,1,1,1,1,1,1,1,1,1,1,1,1,1,1,1,1,1,1,1,1,1,1,1
28409,1,1,1,1,1,2,2,1,1,1,1,1,1,1,1,1,1,1,1,1,1,1,1,1,1,1,1,1,1,1,1,1,1,1,1
28410,1,2,2,1,1,2,2,2,2,1,2,3,2,2,2,2,2,1,3,3,2,2,2,2,2,2,1,1,1,2,2,2,2,2,2
28413,1,1,1,2,1,1,2,2,1,1,1,1,1,1,1,1,1,1,1,1,1,2,2,2,1,2,2,2,2,1,1,2,1,1,1
28415,3,3,2,2,2,2,2,2,2,3,2,3,3,4,3,3,3,3,2,2,2,2,1,1,1,1,1,1,1,1,1,1,1,1,1
28425,1,1,1,1,1,1,1,2,1,1,1,2,1,1,1,1,1,1,1,1,1,1,1,1,2,1,1,1,1,1,1,2,2,1,1
28435,1,1,1,1,1,1,1,1,1,1,1,1,1,1,1,1,1,1,1,1,1,1,1,1,1,1,1,1,1,1,1,1,1,1,1
28470,1,1,1,1,1,1,1,1,1,1,1,1,1,2,2,2,2,1,1,1,1,1,1,1,1,1,2,2,1,1,1,1,1,1,1
28483,1,1,1,1,1,1,1,1,1,1,1,1,1,1,1,1,1,1,1,1,1,1,1,1,1,1,1,1,2,3,1,1,1,1,2
28484,2,2,2,1,2,2,2,2,2,2,2,2,2,2,2,2,2,2,2,2,2,2,2,2,2,2,2,2,2,2,2,2,2,2,2
24389,1,1,1,1,1,1,1,1,1,1,1,1,1,1,1,1,1,1,1,1,2,1,1,1,2,2,1,1,1,1,1,1,1,1,1
28485,1,1,1,1,1,1,2,2,1,2,1,1,1,1,1,1,1,1,1,3,2,1,3,3,1,1,1,1,1,1,1,1,2,1,1
24390,1,1,1,1,1,1,1,1,1,1,1,1,1,1,1,1,1,1,1,1,1,1,1,1,1,1,1,1,1,1,1,1,1,1,1
28499,1,1,1,1,1,1,1,1,1,1,1,1,1,1,1,1,1,1,1,1,1,1,1,1,1,1,1,1,2,1,1,1,1,1,1
28500,1,1,1,1,1,1,1,1,1,1,1,1,1,1,1,1,1,1,1,1,1,1,1,1,1,1,1,1,1,1,1,1,1,1,1
36691,1,1,1,1,1,1,1,1,1,1,1,1,1,1,1,1,1,1,1,1,1,1,1,1,1,1,1,1,1,1,1,1,1,1,1
28501,1,1,1,1,1,1,1,1,1,1,1,2,1,1,1,1,1,1,1,1,1,1,1,1,1,1,1,1,1,1,1,1,1,1,1
28508,1,1,1,1,1,1,1,1,1,1,1,1,1,3,3,3,3,3,3,3,3,1,1,1,1,1,1,1,1,1,1,1,1,1,1
28509,1,1,1,1,1,1,1,1,1,1,1,1,1,1,1,1,1,1,1,1,1,1,1,1,1,1,1,1,1,1,1,1,1,1,1
28545,1,1,1,1,1,1,1,1,1,1,1,1,1,1,1,1,1,1,1,1,1,1,1,1,1,1,1,1,1,1,1,1,1,1,1
28546,1,1,1,1,1,1,1,1,1,1,1,1,1,1,1,1,1,1,1,1,1,1,1,1,1,1,1,1,1,1,1,1,1,1,1
28568,1,1,1,2,1,1,1,1,1,1,2,2,1,1,1,1,1,1,1,2,1,1,1,2,1,1,1,2,2,1,1,1,1,1,1
28569,2,2,1,1,1,1,1,1,1,2,1,1,1,1,2,2,2,2,2,1,2,1,1,2,2,1,2,1,1,1,1,3,3,2,2
24473,1,1,1,1,2,1,1,1,1,1,1,1,1,1,1,1,1,2,1,1,1,1,1,1,1,1,1,1,1,1,1,1,1,1,1
28572,1,2,2,2,1,1,1,1,1,1,2,1,1,2,2,1,1,1,1,1,2,2,2,1,1,1,2,2,2,2,2,2,1,1,1
28615,1,1,1,1,1,1,1,1,1,1,1,1,1,1,1,1,1,1,1,1,1,1,1,1,1,1,1,1,1,1,1,1,1,1,1
24529,1,1,1,1,1,1,1,1,1,1,1,1,1,1,1,1,1,1,2,1,2,3,3,1,2,1,1,1,1,1,1,1,1,1,1
