152,312,323,1
270,312,323,1
271,42,323,1
270,25,323,1
152,312,18,1
270,312,18,1
271,42,18,1
270,25,18,1
270,260,18,1
252,260,18,1
140,114,120,2
302,147,120,2
155,147,120,2
326,147,120,2
156,147,120,2
140,132,120,2
302,147,13,2
155,147,13,2
326,147,13,2
156,147,13,2
140,132,13,2
324,10,13,2
106,10,13,2
9,10,13,2
46,10,13,2
324,10,6,2
106,10,6,2
9,10,6,2
46,10,6,2
324,301,6,2
106,301,6,2
9,301,6,2
46,301,6,2
94,301,6,2
313,301,6,2
307,301,6,2
324,44,6,2
106,44,6,2
9,44,6,2
46,44,6,2
242,44,6,2
316,44,6,2
32,44,6,2
306,44,6,2
324,78,6,2
106,78,6,2
9,78,6,2
46,78,6,2
94,78,6,2
101,78,6,2
186,78,6,2
127,78,6,2
302,147,196,2
155,147,196,2
326,147,196,2
156,147,196,2
140,132,196,2
227,287,69,3
303,245,69,3
79,245,69,3
236,245,69,3
303,60,69,3
124,60,69,3
55,70,191,3
264,70,191,3
45,134,7,4
137,134,7,4
36,123,27,4
17,123,27,4
219,80,27,4
283,273,234,5
77,225,234,5
62,225,234,5
73,8,234,5
11,16,278,5
24,159,278,5
135,106,301,6
274,106,301,6
235,313,301,6
226,307,301,6
186,9,301,6
135,106,44,6
274,106,44,6
186,9,44,6
41,242,44,6
300,242,44,6
300,316,44,6
41,32,44,6
293,306,44,6
135,106,10,6
274,106,10,6
186,9,10,6
147,13,10,6
132,13,10,6
147,13,2,6
132,13,2,6
147,120,2,6
132,120,2,6
114,120,2,6
147,196,2,6
132,196,2,6
135,106,78,6
274,106,78,6
186,9,78,6
186,101,78,6
163,101,78,6
259,186,78,6
143,186,78,6
136,186,78,6
105,186,78,6
305,186,78,6
186,127,78,6
163,127,78,6
28,45,134,7
109,45,134,7
283,45,134,7
167,137,134,7
123,27,4,7
80,27,4,7
283,273,234,8
77,225,234,8
62,225,234,8
278,5,234,8
53,154,73,8
75,154,73,8
11,23,73,8
135,106,301,9
274,106,301,9
235,313,301,9
226,307,301,9
2,6,301,9
135,106,44,9
274,106,44,9
2,6,44,9
41,242,44,9
300,242,44,9
300,316,44,9
41,32,44,9
293,306,44,9
163,101,186,9
163,259,186,9
163,143,186,9
163,136,186,9
163,127,186,9
163,105,186,9
163,305,186,9
135,106,10,9
274,106,10,9
2,6,10,9
2,13,10,9
147,13,10,9
132,13,10,9
135,106,78,9
274,106,78,9
2,6,78,9
163,101,78,9
163,127,78,9
307,313,324,10
235,313,324,10
307,301,324,10
242,44,324,10
316,44,324,10
32,44,324,10
306,44,324,10
101,78,324,10
186,78,324,10
127,78,324,10
307,301,106,10
242,44,106,10
316,44,106,10
32,44,106,10
306,44,106,10
101,78,106,10
186,78,106,10
127,78,106,10
124,135,106,10
227,135,106,10
265,274,106,10
307,301,9,10
242,44,9,10
316,44,9,10
32,44,9,10
306,44,9,10
101,78,9,10
186,78,9,10
127,78,9,10
101,186,9,10
127,186,9,10
259,186,9,10
143,186,9,10
136,186,9,10
105,186,9,10
305,186,9,10
307,301,46,10
242,44,46,10
316,44,46,10
32,44,46,10
306,44,46,10
101,78,46,10
186,78,46,10
127,78,46,10
302,147,13,10
120,147,13,10
155,147,13,10
196,147,13,10
326,147,13,10
156,147,13,10
120,132,13,10
196,132,13,10
114,132,13,10
140,132,13,10
120,2,13,10
196,2,13,10
307,301,6,10
242,44,6,10
316,44,6,10
32,44,6,10
306,44,6,10
101,78,6,10
186,78,6,10
127,78,6,10
120,2,6,10
196,2,6,10
50,52,64,11
184,85,64,11
110,85,64,11
192,199,64,11
154,73,23,11
8,73,23,11
5,278,16,11
159,278,16,11
20,145,130,12
20,89,130,12
314,261,130,12
294,295,130,12
20,89,161,12
314,261,161,12
20,166,161,12
20,89,269,12
314,261,269,12
20,89,299,12
314,261,299,12
286,279,299,12
111,279,299,12
114,120,147,13
114,120,132,13
114,140,132,13
94,324,10,13
313,324,10,13
301,324,10,13
44,324,10,13
78,324,10,13
301,106,10,13
44,106,10,13
78,106,10,13
135,106,10,13
274,106,10,13
301,9,10,13
44,9,10,13
78,9,10,13
186,9,10,13
301,46,10,13
44,46,10,13
78,46,10,13
301,6,10,13
44,6,10,13
78,6,10,13
114,120,2,13
301,6,2,13
44,6,2,13
78,6,2,13
229,243,193,14
229,201,193,14
229,144,193,14
276,144,193,14
47,173,178,15
47,173,22,15
40,29,22,15
110,29,22,15
92,104,71,15
31,104,71,15
49,104,71,15
47,173,86,15
47,53,86,15
154,53,86,15
59,53,86,15
47,173,321,15
107,284,34,15
184,284,34,15
52,64,11,16
85,64,11,16
199,64,11,16
73,23,11,16
234,5,278,16
24,159,278,16
208,36,123,17
37,36,123,17
30,36,123,17
80,27,123,17
4,27,123,17
278,159,24,17
139,152,312,18
249,152,312,18
252,270,312,18
280,270,312,18
252,270,260,18
280,270,260,18
280,252,260,18
100,271,42,18
252,270,25,18
280,270,25,18
296,194,202,19
244,194,202,19
138,130,145,20
261,130,145,20
12,130,145,20
295,130,145,20
138,327,145,20
269,327,145,20
299,327,145,20
138,327,161,20
269,327,161,20
299,327,161,20
269,261,161,20
299,261,161,20
314,261,161,20
269,12,161,20
299,12,161,20
96,12,161,20
187,12,161,20
138,130,89,20
261,130,89,20
12,130,89,20
295,130,89,20
261,269,89,20
12,269,89,20
187,269,89,20
171,269,89,20
121,269,89,20
315,269,89,20
261,299,89,20
12,299,89,20
279,299,89,20
313,235,217,21
174,116,217,21
82,68,217,21
313,235,226,21
313,307,226,21
301,307,226,21
56,40,29,22
85,110,29,22
104,71,15,22
53,86,15,22
284,34,15,22
53,86,173,22
53,47,173,22
320,47,173,22
52,64,11,23
85,64,11,23
199,64,11,23
278,16,11,23
53,154,73,23
75,154,73,23
234,8,73,23
16,278,159,24
5,278,159,24
36,123,17,24
27,123,17,24
152,312,323,25
271,42,323,25
152,312,270,25
152,312,18,25
271,42,18,25
194,202,19,26
208,36,123,27
37,36,123,27
30,36,123,27
24,17,123,27
168,219,80,27
246,219,80,27
50,219,80,27
134,7,4,27
7,134,45,28
137,134,45,28
97,109,45,28
273,283,45,28
318,276,35,28
176,276,35,28
144,276,35,28
178,15,22,29
71,15,22,29
86,15,22,29
321,15,22,29
34,15,22,29
178,173,22,29
86,173,22,29
321,173,22,29
47,173,22,29
63,56,40,29
290,56,40,29
64,85,110,29
184,85,110,29
232,208,36,30
231,208,36,30
17,123,36,30
27,123,36,30
232,37,36,30
268,37,36,30
177,268,126,30
282,91,126,30
289,91,126,30
58,141,126,30
63,170,165,31
190,170,165,31
176,213,165,31
184,92,104,31
15,71,104,31
99,49,104,31
94,324,44,32
313,324,44,32
301,324,44,32
10,324,44,32
78,324,44,32
301,106,44,32
10,106,44,32
78,106,44,32
135,106,44,32
274,106,44,32
301,9,44,32
10,9,44,32
78,9,44,32
186,9,44,32
301,46,44,32
10,46,44,32
78,46,44,32
301,6,44,32
10,6,44,32
78,6,44,32
2,6,44,32
300,242,44,32
300,316,44,32
293,306,44,32
300,242,41,32
150,158,41,32
229,243,193,33
229,201,193,33
229,144,193,33
276,144,193,33
173,178,15,34
173,22,15,34
29,22,15,34
104,71,15,34
173,86,15,34
53,86,15,34
173,321,15,34
102,107,284,34
192,107,284,34
92,184,284,34
85,184,284,34
290,184,284,34
134,45,28,35
109,45,28,35
283,45,28,35
285,318,276,35
38,176,276,35
213,176,276,35
229,144,276,35
193,144,276,35
113,231,208,36
210,231,208,36
239,231,208,36
24,17,123,36
80,27,123,36
4,27,123,36
177,268,37,36
126,268,37,36
91,126,30,36
141,126,30,36
172,177,268,37
91,126,268,37
141,126,268,37
30,126,268,37
231,208,232,37
231,208,36,37
17,123,36,37
27,123,36,37
318,276,176,38
35,276,176,38
144,276,176,38
165,213,176,38
83,88,99,38
179,88,99,38
104,49,99,38
97,237,99,38
282,169,198,39
48,169,198,39
218,169,198,39
257,169,198,39
15,22,29,40
173,22,29,40
85,110,29,40
170,63,56,40
205,63,56,40
184,290,56,40
324,44,242,41
106,44,242,41
9,44,242,41
46,44,242,41
6,44,242,41
316,44,242,41
306,44,242,41
316,300,242,41
157,300,242,41
160,300,242,41
66,150,158,41
324,44,32,41
106,44,32,41
9,44,32,41
46,44,32,41
6,44,32,41
316,44,32,41
306,44,32,41
152,312,323,42
270,312,323,42
270,25,323,42
139,100,271,42
152,312,18,42
270,312,18,42
270,25,18,42
270,260,18,42
252,260,18,42
322,310,51,43
308,291,51,43
241,291,51,43
307,313,324,44
235,313,324,44
307,301,324,44
13,10,324,44
101,78,324,44
186,78,324,44
127,78,324,44
307,301,106,44
13,10,106,44
101,78,106,44
186,78,106,44
127,78,106,44
124,135,106,44
227,135,106,44
265,274,106,44
307,301,9,44
13,10,9,44
101,78,9,44
186,78,9,44
127,78,9,44
101,186,9,44
127,186,9,44
259,186,9,44
143,186,9,44
136,186,9,44
105,186,9,44
305,186,9,44
307,301,46,44
13,10,46,44
101,78,46,44
186,78,46,44
127,78,46,44
307,301,6,44
13,10,6,44
101,78,6,44
186,78,6,44
127,78,6,44
13,2,6,44
120,2,6,44
196,2,6,44
158,41,242,44
157,300,242,44
160,300,242,44
157,300,316,44
160,300,316,44
158,41,32,44
223,293,306,44
292,293,306,44
254,293,306,44
4,7,134,45
167,137,134,45
276,35,28,45
83,97,109,45
320,97,109,45
237,97,109,45
234,273,283,45
135,106,301,46
274,106,301,46
235,313,301,46
226,307,301,46
186,9,301,46
135,106,44,46
274,106,44,46
186,9,44,46
41,242,44,46
300,242,44,46
300,316,44,46
41,32,44,46
293,306,44,46
135,106,10,46
274,106,10,46
186,9,10,46
147,13,10,46
132,13,10,46
2,13,10,46
120,2,6,46
196,2,6,46
135,106,78,46
274,106,78,46
186,9,78,46
186,101,78,46
163,101,78,46
259,186,78,46
143,186,78,46
136,186,78,46
105,186,78,46
305,186,78,46
186,127,78,46
163,127,78,46
75,154,53,47
73,154,53,47
247,59,53,47
15,86,53,47
15,86,173,47
15,178,173,47
15,22,173,47
29,22,173,47
15,321,173,47
109,97,320,47
83,97,320,47
237,97,320,47
183,309,320,47
200,309,320,47
268,177,172,48
91,282,172,48
74,218,172,48
247,257,172,48
91,282,61,48
74,218,61,48
247,257,61,48
91,282,54,48
74,218,54,48
247,257,54,48
91,282,169,48
74,218,169,48
247,257,169,48
142,198,169,48
39,198,169,48
57,198,169,48
184,92,104,49
165,31,104,49
15,71,104,49
83,88,99,49
179,88,99,49
176,38,99,49
97,237,99,49
85,64,52,50
11,64,52,50
199,64,52,50
216,168,219,50
228,168,219,50
82,168,219,50
27,80,219,50
256,246,219,50
167,267,72,50
75,267,72,50
180,322,310,51
304,308,291,51
249,241,291,51
184,85,64,52
110,85,64,52
23,11,64,52
16,11,64,52
192,199,64,52
168,219,50,52
80,219,50,52
246,219,50,52
267,72,50,52
267,75,154,53
23,73,154,53
8,73,154,53
257,247,59,53
178,173,47,53
22,173,47,53
321,173,47,53
97,320,47,53
309,320,47,53
178,173,86,53
22,173,86,53
321,173,86,53
178,15,86,53
22,15,86,53
321,15,86,53
71,15,86,53
34,15,86,53
177,172,282,54
126,91,282,54
289,91,282,54
74,61,282,54
198,169,282,54
177,172,48,54
74,61,48,54
198,169,48,54
177,172,218,54
74,61,218,54
198,169,218,54
177,172,257,54
74,61,257,54
198,169,257,54
59,247,257,54
3,191,70,55
160,264,70,55
77,225,62,55
234,225,62,55
22,29,40,56
110,29,40,56
165,170,63,56
190,170,63,56
190,205,63,56
179,205,63,56
92,184,290,56
85,184,290,56
284,184,290,56
282,169,198,57
48,169,198,57
218,169,198,57
257,169,198,57
91,289,181,58
117,289,181,58
91,126,141,58
268,126,141,58
30,126,141,58
76,149,122,58
75,154,53,59
73,154,53,59
173,47,53,59
320,47,53,59
173,86,53,59
15,86,53,59
172,257,247,59
61,257,247,59
54,257,247,59
169,257,247,59
106,135,124,60
227,135,124,60
79,245,303,60
236,245,303,60
79,245,69,60
236,245,69,60
227,287,69,60
191,3,69,60
177,172,282,61
126,91,282,61
289,91,282,61
198,169,282,61
177,172,48,61
198,169,48,61
177,172,218,61
198,169,218,61
177,172,257,61
198,169,257,61
59,247,257,61
191,70,55,62
264,70,55,62
164,77,225,62
273,234,225,62
8,234,225,62
5,234,225,62
31,165,170,63
213,165,170,63
182,190,170,63
29,40,56,63
184,290,56,63
182,190,205,63
182,179,205,63
88,179,205,63
219,50,52,64
72,50,52,64
92,184,85,64
284,184,85,64
290,184,85,64
29,110,85,64
73,23,11,64
278,16,11,64
107,192,199,64
177,172,48,65
282,172,48,65
218,172,48,65
257,172,48,65
282,61,48,65
218,61,48,65
257,61,48,65
74,61,48,65
282,54,48,65
218,54,48,65
257,54,48,65
282,169,48,65
218,169,48,65
257,169,48,65
198,169,48,65
41,158,150,66
246,256,221,66
274,265,221,66
118,265,221,66
118,220,221,66
174,220,221,66
228,220,221,66
227,81,311,66
87,81,311,66
262,298,233,67
157,223,233,67
293,223,233,67
189,197,204,68
189,197,224,68
189,197,217,68
226,21,217,68
226,189,217,68
226,235,217,68
313,235,217,68
226,214,217,68
189,197,116,68
220,174,116,68
220,174,82,68
216,168,82,68
219,168,82,68
228,168,82,68
135,227,287,69
81,227,287,69
135,124,60,69
70,191,3,69
225,62,55,70
69,3,191,70
151,160,264,70
300,160,264,70
173,178,15,71
173,22,15,71
29,22,15,71
173,86,15,71
53,86,15,71
173,321,15,71
284,34,15,71
184,92,104,71
165,31,104,71
99,49,104,71
64,52,50,72
168,219,50,72
80,219,50,72
246,219,50,72
200,167,267,72
137,167,267,72
154,75,267,72
59,53,154,73
47,53,154,73
86,53,154,73
267,75,154,73
64,11,23,73
16,11,23,73
273,234,8,73
225,234,8,73
5,234,8,73
177,172,218,74
282,172,218,74
48,172,218,74
257,172,218,74
282,54,218,74
48,54,218,74
257,54,218,74
282,169,218,74
48,169,218,74
257,169,218,74
198,169,218,74
91,282,61,74
272,48,61,74
212,48,61,74
65,48,61,74
247,257,61,74
59,53,154,75
47,53,154,75
86,53,154,75
23,73,154,75
8,73,154,75
200,167,267,75
137,167,267,75
50,72,267,75
58,122,149,76
317,115,117,76
181,289,117,76
91,289,117,76
55,62,225,77
273,234,225,77
8,234,225,77
5,234,225,77
307,313,324,78
235,313,324,78
307,301,324,78
242,44,324,78
316,44,324,78
32,44,324,78
306,44,324,78
13,10,324,78
307,301,106,78
242,44,106,78
316,44,106,78
32,44,106,78
306,44,106,78
13,10,106,78
124,135,106,78
227,135,106,78
265,274,106,78
328,163,101,78
259,163,101,78
281,163,101,78
87,163,101,78
143,163,101,78
136,163,101,78
105,163,101,78
305,163,101,78
307,301,94,78
307,301,9,78
242,44,9,78
316,44,9,78
32,44,9,78
306,44,9,78
13,10,9,78
136,259,186,78
259,136,186,78
307,301,46,78
242,44,46,78
316,44,46,78
32,44,46,78
306,44,46,78
13,10,46,78
307,301,6,78
242,44,6,78
316,44,6,78
32,44,6,78
306,44,6,78
13,10,6,78
13,2,6,78
120,2,6,78
196,2,6,78
328,163,127,78
259,163,127,78
281,163,127,78
87,163,127,78
143,163,127,78
136,163,127,78
105,163,127,78
305,163,127,78
60,303,245,79
60,69,245,79
287,69,245,79
3,69,245,79
216,168,219,80
228,168,219,80
82,168,219,80
256,246,219,80
52,50,219,80
72,50,219,80
36,123,27,80
17,123,27,80
7,4,27,80
106,135,227,81
124,135,227,81
69,287,227,81
101,163,87,81
328,163,87,81
259,163,87,81
281,163,87,81
143,163,87,81
136,163,87,81
127,163,87,81
105,163,87,81
305,163,87,81
188,248,87,81
281,128,87,81
103,128,87,81
98,128,87,81
275,128,87,81
150,66,311,81
221,66,311,81
197,116,174,82
217,116,174,82
221,220,174,82
228,220,174,82
118,220,174,82
210,216,168,82
80,219,168,82
246,219,168,82
50,219,168,82
197,116,68,82
217,116,68,82
197,204,68,82
217,204,68,82
197,224,68,82
217,224,68,82
197,217,68,82
21,217,68,82
211,217,68,82
189,217,68,82
235,217,68,82
214,217,68,82
45,109,97,83
47,320,97,83
309,320,97,83
99,237,97,83
205,179,88,83
49,99,88,83
38,99,88,83
205,179,182,83
205,190,182,83
170,190,182,83
130,12,96,84
161,12,96,84
269,12,96,84
299,12,96,84
130,12,187,84
161,12,187,84
269,12,187,84
299,12,187,84
327,269,187,84
171,269,187,84
121,269,187,84
315,269,187,84
89,269,187,84
261,269,187,84
50,52,64,85
23,11,64,85
16,11,64,85
192,199,64,85
104,92,184,85
107,284,184,85
34,284,184,85
56,290,184,85
22,29,110,85
40,29,110,85
75,154,53,86
73,154,53,86
247,59,53,86
320,47,53,86
29,22,15,86
104,71,15,86
284,34,15,86
320,47,173,86
29,22,173,86
186,101,163,87
78,101,163,87
186,259,163,87
186,143,163,87
186,136,163,87
186,127,163,87
78,127,163,87
186,105,163,87
186,305,163,87
135,227,81,87
287,227,81,87
66,311,81,87
98,188,248,87
109,97,83,88
320,97,83,88
237,97,83,88
190,182,83,88
190,182,179,88
190,205,179,88
63,205,179,88
104,49,99,88
176,38,99,88
314,261,130,89
96,12,130,89
187,12,130,89
294,295,130,89
314,261,161,89
96,12,161,89
187,12,161,89
314,261,269,89
96,12,269,89
187,12,269,89
84,187,269,89
314,261,299,89
96,12,299,89
187,12,299,89
286,279,299,89
111,279,299,89
194,244,93,90
276,318,285,90
250,253,285,90
243,229,285,90
201,229,285,90
144,229,285,90
177,172,282,91
48,172,282,91
218,172,282,91
257,172,282,91
48,61,282,91
218,61,282,91
257,61,282,91
74,61,282,91
48,54,282,91
218,54,282,91
257,54,282,91
48,169,282,91
218,169,282,91
257,169,282,91
198,169,282,91
177,268,126,91
37,268,126,91
58,141,126,91
36,30,126,91
58,181,289,91
76,117,289,91
115,117,289,91
64,85,184,92
110,85,184,92
107,284,184,92
34,284,184,92
56,290,184,92
165,31,104,92
15,71,104,92
99,49,104,92
296,194,244,93
202,194,244,93
318,285,90,93
253,285,90,93
229,285,90,93
307,313,324,94
235,313,324,94
106,44,324,94
9,44,324,94
46,44,324,94
6,44,324,94
242,44,324,94
316,44,324,94
32,44,324,94
306,44,324,94
106,10,324,94
9,10,324,94
46,10,324,94
6,10,324,94
13,10,324,94
307,313,301,94
235,313,301,94
135,106,301,94
274,106,301,94
226,307,301,94
186,9,301,94
6,46,301,94
46,6,301,94
2,6,301,94
135,106,78,94
274,106,78,94
186,9,78,94
6,46,78,94
46,6,78,94
2,6,78,94
186,101,78,94
163,101,78,94
9,186,78,94
259,186,78,94
143,186,78,94
136,186,78,94
105,186,78,94
305,186,78,94
186,127,78,94
163,127,78,94
266,297,133,95
277,297,133,95
284,107,102,95
192,107,102,95
319,209,180,95
310,322,180,95
269,187,84,96
269,187,12,96
145,130,12,96
138,130,12,96
327,130,12,96
89,130,12,96
261,130,12,96
295,130,12,96
327,161,12,96
89,161,12,96
261,161,12,96
166,161,12,96
20,161,12,96
327,269,12,96
89,269,12,96
261,269,12,96
171,269,12,96
121,269,12,96
315,269,12,96
327,299,12,96
89,299,12,96
261,299,12,96
279,299,12,96
134,45,109,97
28,45,109,97
283,45,109,97
179,88,83,97
99,88,83,97
179,182,83,97
190,182,83,97
53,47,320,97
173,47,320,97
183,309,320,97
200,309,320,97
49,99,237,97
38,99,237,97
87,248,188,98
163,281,128,98
163,87,128,98
81,87,128,98
97,83,88,99
182,83,88,99
182,179,88,99
205,179,88,99
92,104,49,99
31,104,49,99
71,104,49,99
276,176,38,99
213,176,38,99
109,97,237,99
320,97,237,99
112,119,139,100
312,152,139,100
249,152,139,100
131,146,139,100
230,108,139,100
323,42,271,100
18,42,271,100
301,9,186,101
44,9,186,101
10,9,186,101
128,281,163,101
128,87,163,101
81,87,163,101
248,87,163,101
301,9,78,101
44,9,78,101
10,9,78,101
301,324,78,101
44,324,78,101
10,324,78,101
313,324,78,101
301,106,78,101
44,106,78,101
10,106,78,101
135,106,78,101
274,106,78,101
301,94,78,101
301,46,78,101
44,46,78,101
10,46,78,101
301,6,78,101
44,6,78,101
10,6,78,101
2,6,78,101
184,284,107,102
34,284,107,102
199,192,107,102
297,133,95,102
209,180,95,102
322,180,95,102
163,281,128,103
188,98,128,103
163,87,128,103
81,87,128,103
248,87,128,103
85,184,92,104
284,184,92,104
290,184,92,104
170,165,31,104
213,165,31,104
178,15,71,104
22,15,71,104
86,15,71,104
321,15,71,104
34,15,71,104
88,99,49,104
38,99,49,104
237,99,49,104
301,9,186,105
44,9,186,105
10,9,186,105
324,78,186,105
106,78,186,105
94,78,186,105
46,78,186,105
6,78,186,105
128,281,163,105
128,87,163,105
81,87,163,105
248,87,163,105
235,313,301,106
226,307,301,106
186,9,301,106
2,6,301,106
186,9,44,106
2,6,44,106
41,242,44,106
300,242,44,106
300,316,44,106
41,32,44,106
293,306,44,106
186,9,10,106
2,6,10,106
2,13,10,106
147,13,10,106
132,13,10,106
60,124,135,106
287,227,135,106
81,227,135,106
186,9,78,106
2,6,78,106
186,101,78,106
163,101,78,106
259,186,78,106
143,186,78,106
136,186,78,106
105,186,78,106
305,186,78,106
186,127,78,106
163,127,78,106
221,265,274,106
118,265,274,106
133,95,102,107
180,95,102,107
92,184,284,107
85,184,284,107
290,184,284,107
15,34,284,107
64,199,192,107
112,119,139,108
271,100,139,108
312,152,139,108
249,152,139,108
131,146,139,108
249,195,230,108
7,134,45,109
137,134,45,109
35,28,45,109
273,283,45,109
88,83,97,109
182,83,97,109
47,320,97,109
309,320,97,109
99,237,97,109
15,22,29,110
173,22,29,110
56,40,29,110
52,64,85,110
11,64,85,110
199,64,85,110
92,184,85,110
284,184,85,110
290,184,85,110
153,162,314,111
130,261,314,111
161,261,314,111
269,261,314,111
299,261,314,111
294,286,279,111
327,299,279,111
89,299,279,111
12,299,279,111
100,139,119,112
152,139,119,112
146,139,119,112
108,139,119,112
232,208,231,113
36,208,231,113
216,210,231,113
216,210,240,113
147,13,132,114
10,13,132,114
2,13,132,114
147,196,132,114
2,196,132,114
302,147,120,114
155,147,120,114
326,147,120,114
156,147,120,114
6,2,120,114
149,76,117,115
206,76,117,115
181,289,117,115
91,289,117,115
226,189,197,116
226,189,217,116
226,21,217,116
226,235,217,116
313,235,217,116
226,214,217,116
221,220,174,116
228,220,174,116
118,220,174,116
168,82,174,116
168,82,68,116
122,149,76,117
58,181,289,117
282,91,289,117
126,91,289,117
106,274,265,118
256,221,265,118
66,221,265,118
256,221,220,118
66,221,220,118
116,174,220,118
82,174,220,118
168,228,220,118
271,100,139,119
312,152,139,119
249,152,139,119
131,146,139,119
230,108,139,119
10,13,147,120
10,13,132,120
10,13,2,120
10,6,2,120
301,6,2,120
44,6,2,120
46,6,2,120
78,6,2,120
145,327,269,121
138,327,269,121
130,327,269,121
161,327,269,121
299,327,269,121
84,187,269,121
130,89,269,121
161,89,269,121
299,89,269,121
20,89,269,121
130,261,269,121
161,261,269,121
299,261,269,121
314,261,269,121
130,12,269,121
161,12,269,121
299,12,269,121
96,12,269,121
206,76,149,122
117,76,149,122
289,181,58,122
126,141,58,122
232,208,36,123
231,208,36,123
232,37,36,123
268,37,36,123
126,30,36,123
159,24,17,123
219,80,27,123
7,4,27,123
301,106,135,124
44,106,135,124
10,106,135,124
78,106,135,124
274,106,135,124
287,227,135,124
81,227,135,124
245,303,60,124
287,69,60,124
245,69,60,124
3,69,60,124
293,292,263,125
172,177,268,126
232,37,268,126
36,37,268,126
172,282,91,126
61,282,91,126
54,282,91,126
169,282,91,126
181,289,91,126
117,289,91,126
181,58,141,126
122,58,141,126
208,36,30,126
123,36,30,126
301,9,186,127
44,9,186,127
10,9,186,127
128,281,163,127
128,87,163,127
81,87,163,127
248,87,163,127
301,9,78,127
44,9,78,127
10,9,78,127
301,324,78,127
44,324,78,127
10,324,78,127
313,324,78,127
301,106,78,127
44,106,78,127
10,106,78,127
135,106,78,127
274,106,78,127
301,94,78,127
301,46,78,127
44,46,78,127
10,46,78,127
301,6,78,127
44,6,78,127
10,6,78,127
2,6,78,127
101,163,281,128
328,163,281,128
259,163,281,128
143,163,281,128
136,163,281,128
127,163,281,128
105,163,281,128
305,163,281,128
248,188,98,128
101,163,87,128
328,163,87,128
259,163,87,128
143,163,87,128
136,163,87,128
127,163,87,128
105,163,87,128
305,163,87,128
227,81,87,128
311,81,87,128
229,243,193,129
229,201,193,129
229,144,193,129
276,144,193,129
166,20,145,130
161,20,145,130
166,161,327,130
171,269,327,130
187,269,327,130
121,269,327,130
315,269,327,130
279,299,327,130
166,20,89,130
161,20,89,130
166,161,89,130
171,269,89,130
187,269,89,130
121,269,89,130
315,269,89,130
279,299,89,130
166,161,261,130
171,269,261,130
187,269,261,130
121,269,261,130
315,269,261,130
279,299,261,130
162,314,261,130
111,314,261,130
166,161,12,130
171,269,12,130
187,269,12,130
121,269,12,130
315,269,12,130
279,299,12,130
84,96,12,130
175,96,12,130
84,187,12,130
325,294,295,130
319,294,295,130
286,294,295,130
119,139,146,131
100,139,146,131
152,139,146,131
108,139,146,131
302,147,120,132
155,147,120,132
326,147,120,132
156,147,120,132
6,2,120,132
302,147,13,132
155,147,13,132
326,147,13,132
156,147,13,132
6,2,13,132
6,10,13,132
324,10,13,132
106,10,13,132
9,10,13,132
46,10,13,132
302,147,196,132
155,147,196,132
326,147,196,132
156,147,196,132
6,2,196,132
288,266,297,133
258,266,297,133
296,277,297,133
107,102,95,133
209,180,95,133
322,180,95,133
35,28,45,134
97,109,45,134
273,283,45,134
27,4,7,134
200,167,137,134
267,167,137,134
324,301,106,135
94,301,106,135
313,301,106,135
307,301,106,135
9,301,106,135
46,301,106,135
6,301,106,135
324,44,106,135
9,44,106,135
46,44,106,135
6,44,106,135
242,44,106,135
316,44,106,135
32,44,106,135
306,44,106,135
324,10,106,135
9,10,106,135
46,10,106,135
6,10,106,135
13,10,106,135
324,78,106,135
94,78,106,135
9,78,106,135
46,78,106,135
6,78,106,135
101,78,106,135
186,78,106,135
127,78,106,135
265,274,106,135
303,60,124,135
69,60,124,135
69,287,227,135
87,81,227,135
311,81,227,135
301,9,186,136
44,9,186,136
10,9,186,136
324,78,186,136
106,78,186,136
94,78,186,136
46,78,186,136
6,78,186,136
128,281,163,136
128,87,163,136
81,87,163,136
248,87,163,136
251,200,167,137
148,200,167,137
309,200,167,137
75,267,167,137
72,267,167,137
28,45,134,137
109,45,134,137
283,45,134,137
4,7,134,137
20,145,130,138
20,89,130,138
161,89,130,138
269,89,130,138
299,89,130,138
161,261,130,138
269,261,130,138
299,261,130,138
314,261,130,138
161,12,130,138
269,12,130,138
299,12,130,138
96,12,130,138
187,12,130,138
294,295,130,138
20,145,327,138
20,161,327,138
166,161,327,138
187,269,327,138
171,269,327,138
121,269,327,138
315,269,327,138
279,299,327,138
42,271,100,139
323,312,152,139
270,312,152,139
18,312,152,139
195,249,152,139
185,249,152,139
241,249,152,139
195,230,108,139
147,120,114,140
2,120,114,140
147,120,132,140
2,120,132,140
147,13,132,140
2,13,132,140
10,13,132,140
147,196,132,140
2,196,132,140
177,268,126,141
37,268,126,141
282,91,126,141
289,91,126,141
36,30,126,141
289,181,58,141
149,122,58,141
282,169,198,142
48,169,198,142
218,169,198,142
257,169,198,142
301,9,186,143
44,9,186,143
10,9,186,143
324,78,186,143
106,78,186,143
94,78,186,143
46,78,186,143
6,78,186,143
128,281,163,143
128,87,163,143
81,87,163,143
248,87,163,143
215,201,229,144
207,201,229,144
318,285,229,144
253,285,229,144
90,285,229,144
215,201,193,144
207,201,193,144
207,215,193,144
215,207,193,144
207,238,193,144
28,35,276,144
38,176,276,144
213,176,276,144
161,89,130,145
269,89,130,145
299,89,130,145
161,261,130,145
269,261,130,145
299,261,130,145
314,261,130,145
161,12,130,145
269,12,130,145
299,12,130,145
96,12,130,145
187,12,130,145
294,295,130,145
166,161,327,145
187,269,327,145
171,269,327,145
121,269,327,145
315,269,327,145
279,299,327,145
161,89,20,145
269,89,20,145
299,89,20,145
166,161,20,145
161,166,20,145
112,119,139,146
271,100,139,146
312,152,139,146
249,152,139,146
230,108,139,146
140,114,120,147
140,132,120,147
6,2,120,147
140,132,13,147
6,2,13,147
6,10,13,147
324,10,13,147
106,10,13,147
9,10,13,147
46,10,13,147
140,132,196,147
6,2,196,147
183,251,200,148
137,167,200,148
267,167,200,148
183,309,200,148
320,309,200,148
115,117,76,149
289,117,76,149
181,58,122,149
141,58,122,149
242,41,158,150
32,41,158,150
256,221,66,150
265,221,66,150
220,221,66,150
81,311,66,150
233,223,157,151
293,223,157,151
242,300,157,151
316,300,157,151
242,300,160,151
316,300,160,151
70,264,160,151
112,119,139,152
271,100,139,152
131,146,139,152
230,108,139,152
1,323,312,152
42,323,312,152
25,323,312,152
25,270,312,152
252,270,312,152
280,270,312,152
260,270,312,152
1,18,312,152
42,18,312,152
25,18,312,152
260,18,312,152
230,195,249,152
203,185,249,152
250,185,249,152
291,241,249,152
261,314,162,153
111,314,162,153
247,59,53,154
173,47,53,154
320,47,53,154
173,86,53,154
15,86,53,154
167,267,75,154
72,267,75,154
11,23,73,154
234,8,73,154
114,120,147,155
132,120,147,155
2,120,147,155
132,13,147,155
2,13,147,155
10,13,147,155
132,196,147,155
2,196,147,155
114,120,147,156
132,120,147,156
2,120,147,156
132,13,147,156
2,13,147,156
10,13,147,156
132,196,147,156
2,196,147,156
298,233,223,157
67,233,223,157
292,293,223,157
254,293,223,157
306,293,223,157
264,160,151,157
264,160,300,157
44,242,300,157
41,242,300,157
44,316,300,157
221,66,150,158
311,66,150,158
44,242,41,158
300,242,41,158
44,32,41,158
123,17,24,159
11,16,278,159
234,5,278,159
55,70,264,160
191,70,264,160
223,157,151,160
223,157,300,160
44,242,300,160
41,242,300,160
44,316,300,160
295,130,327,161
171,269,327,161
187,269,327,161
121,269,327,161
315,269,327,161
279,299,327,161
295,130,89,161
171,269,89,161
187,269,89,161
121,269,89,161
315,269,89,161
279,299,89,161
295,130,261,161
171,269,261,161
187,269,261,161
121,269,261,161
315,269,261,161
279,299,261,161
162,314,261,161
111,314,261,161
295,130,12,161
171,269,12,161
187,269,12,161
121,269,12,161
315,269,12,161
279,299,12,161
84,96,12,161
175,96,12,161
84,187,12,161
130,261,314,162
161,261,314,162
269,261,314,162
299,261,314,162
279,111,314,162
9,186,101,163
9,78,101,163
324,78,101,163
106,78,101,163
94,78,101,163
46,78,101,163
6,78,101,163
9,186,259,163
103,128,281,163
98,128,281,163
275,128,281,163
103,128,87,163
98,128,87,163
275,128,87,163
227,81,87,163
311,81,87,163
188,248,87,163
9,186,143,163
9,186,136,163
9,186,127,163
9,78,127,163
324,78,127,163
106,78,127,163
94,78,127,163
46,78,127,163
6,78,127,163
9,186,105,163
9,186,305,163
62,225,77,164
234,225,77,164
56,63,170,165
205,63,170,165
205,190,170,165
182,190,170,165
92,104,31,165
71,104,31,165
49,104,31,165
276,176,213,165
38,176,213,165
145,327,161,166
138,327,161,166
130,327,161,166
269,327,161,166
299,327,161,166
130,89,161,166
269,89,161,166
299,89,161,166
130,261,161,166
269,261,161,166
299,261,161,166
314,261,161,166
130,12,161,166
269,12,161,166
299,12,161,166
96,12,161,166
187,12,161,166
130,89,20,166
269,89,20,166
299,89,20,166
130,145,20,166
183,251,200,167
183,309,200,167
320,309,200,167
45,134,137,167
7,134,137,167
154,75,267,167
50,72,267,167
231,210,216,168
240,210,216,168
27,80,219,168
256,246,219,168
52,50,219,168
72,50,219,168
174,220,228,168
221,220,228,168
118,220,228,168
116,174,82,168
116,68,82,168
204,68,82,168
224,68,82,168
217,68,82,168
177,172,282,169
126,91,282,169
289,91,282,169
74,61,282,169
177,172,48,169
74,61,48,169
177,172,218,169
74,61,218,169
177,172,257,169
74,61,257,169
59,247,257,169
104,31,165,170
176,213,165,170
40,56,63,170
290,56,63,170
179,205,63,170
179,205,190,170
179,182,190,170
83,182,190,170
145,327,269,171
138,327,269,171
130,327,269,171
161,327,269,171
299,327,269,171
84,187,269,171
130,89,269,171
161,89,269,171
299,89,269,171
20,89,269,171
130,261,269,171
161,261,269,171
299,261,269,171
314,261,269,171
130,12,269,171
161,12,269,171
299,12,269,171
96,12,269,171
37,268,177,172
126,268,177,172
126,91,282,172
289,91,282,172
74,61,282,172
198,169,282,172
74,61,48,172
198,169,48,172
74,61,218,172
198,169,218,172
74,61,257,172
198,169,257,172
59,247,257,172
71,15,178,173
34,15,178,173
71,15,22,173
34,15,22,173
40,29,22,173
110,29,22,173
154,53,47,173
59,53,47,173
97,320,47,173
309,320,47,173
71,15,86,173
34,15,86,173
154,53,86,173
59,53,86,173
71,15,321,173
34,15,321,173
204,197,116,174
189,197,116,174
224,197,116,174
204,217,116,174
189,217,116,174
224,217,116,174
21,217,116,174
211,217,116,174
235,217,116,174
214,217,116,174
204,68,116,174
224,68,116,174
256,221,220,174
265,221,220,174
66,221,220,174
168,228,220,174
265,118,220,174
204,68,82,174
224,68,82,174
216,168,82,174
219,168,82,174
187,84,96,175
187,12,96,175
130,12,96,175
161,12,96,175
269,12,96,175
299,12,96,175
285,318,276,176
28,35,276,176
229,144,276,176
193,144,276,176
88,99,38,176
49,99,38,176
237,99,38,176
170,165,213,176
31,165,213,176
232,37,268,177
36,37,268,177
91,126,268,177
141,126,268,177
30,126,268,177
91,282,172,177
61,282,172,177
54,282,172,177
169,282,172,177
61,48,172,177
54,48,172,177
169,48,172,177
272,48,172,177
212,48,172,177
65,48,172,177
61,218,172,177
54,218,172,177
169,218,172,177
74,218,172,177
61,257,172,177
54,257,172,177
169,257,172,177
247,257,172,177
29,22,15,178
104,71,15,178
53,86,15,178
284,34,15,178
29,22,173,178
53,86,173,178
53,47,173,178
320,47,173,178
97,83,88,179
49,99,88,179
38,99,88,179
237,99,88,179
97,83,182,179
170,190,182,179
170,190,205,179
170,63,205,179
56,63,205,179
203,319,209,180
294,319,209,180
297,133,95,180
107,102,95,180
51,310,322,180
282,91,289,181
126,91,289,181
76,117,289,181
115,117,289,181
126,141,58,181
149,122,58,181
109,97,83,182
320,97,83,182
237,97,83,182
99,88,83,182
99,88,179,182
63,205,179,182
63,205,190,182
63,170,190,182
165,170,190,182
148,200,251,183
167,200,251,183
148,200,309,183
167,200,309,183
47,320,309,183
97,320,309,183
31,104,92,184
71,104,92,184
49,104,92,184
52,64,85,184
11,64,85,184
199,64,85,184
29,110,85,184
102,107,284,184
192,107,284,184
15,34,284,184
40,56,290,184
63,56,290,184
209,319,203,185
294,319,203,185
139,152,249,185
312,152,249,185
230,195,249,185
291,241,249,185
285,253,250,185
328,163,101,186
281,163,101,186
87,163,101,186
324,301,9,186
106,301,9,186
94,301,9,186
313,301,9,186
307,301,9,186
46,301,9,186
6,301,9,186
324,44,9,186
106,44,9,186
46,44,9,186
6,44,9,186
242,44,9,186
316,44,9,186
32,44,9,186
306,44,9,186
324,10,9,186
106,10,9,186
46,10,9,186
6,10,9,186
13,10,9,186
328,163,259,186
281,163,259,186
87,163,259,186
94,324,78,186
313,324,78,186
135,106,78,186
274,106,78,186
324,94,78,186
6,46,78,186
46,6,78,186
2,6,78,186
328,163,143,186
281,163,143,186
87,163,143,186
328,163,136,186
281,163,136,186
87,163,136,186
328,163,127,186
281,163,127,186
87,163,127,186
328,163,105,186
281,163,105,186
87,163,105,186
328,163,305,186
281,163,305,186
87,163,305,186
175,96,84,187
145,327,269,187
138,327,269,187
130,327,269,187
161,327,269,187
299,327,269,187
130,89,269,187
161,89,269,187
299,89,269,187
20,89,269,187
130,261,269,187
161,261,269,187
299,261,269,187
314,261,269,187
175,96,12,187
145,130,12,187
138,130,12,187
295,130,12,187
20,161,12,187
166,161,12,187
279,299,12,187
281,128,98,188
103,128,98,188
87,128,98,188
275,128,98,188
163,87,248,188
81,87,248,188
68,204,197,189
68,224,197,189
68,116,197,189
174,116,197,189
68,204,217,189
68,224,217,189
68,116,217,189
174,116,217,189
313,235,217,189
82,68,217,189
313,235,226,189
313,307,226,189
301,307,226,189
31,165,170,190
213,165,170,190
56,63,170,190
97,83,182,190
88,83,182,190
88,179,182,190
56,63,205,190
88,179,205,190
62,55,70,191
160,264,70,191
287,69,3,191
245,69,3,191
60,69,3,191
95,102,107,192
184,284,107,192
34,284,107,192
52,64,199,192
85,64,199,192
11,64,199,192
285,229,243,193
285,229,201,193
285,229,144,193
318,276,144,193
35,276,144,193
176,276,144,193
294,325,296,194
297,277,296,194
90,93,244,194
26,19,202,194
139,152,249,195
312,152,249,195
203,185,249,195
250,185,249,195
291,241,249,195
139,108,230,195
114,120,147,196
10,13,147,196
114,120,132,196
10,13,132,196
114,140,132,196
114,120,2,196
10,13,2,196
10,6,2,196
301,6,2,196
44,6,2,196
46,6,2,196
78,6,2,196
82,68,204,197
307,226,189,197
21,226,189,197
235,226,189,197
214,226,189,197
82,68,224,197
82,68,217,197
313,235,217,197
82,68,116,197
82,174,116,197
220,174,116,197
172,282,169,198
91,282,169,198
61,282,169,198
54,282,169,198
172,48,169,198
61,48,169,198
54,48,169,198
272,48,169,198
212,48,169,198
65,48,169,198
172,218,169,198
61,218,169,198
54,218,169,198
74,218,169,198
172,257,169,198
61,257,169,198
54,257,169,198
247,257,169,198
50,52,64,199
184,85,64,199
110,85,64,199
23,11,64,199
16,11,64,199
102,107,192,199
284,107,192,199
134,137,167,200
75,267,167,200
72,267,167,200
47,320,309,200
97,320,309,200
318,285,229,201
253,285,229,201
90,285,229,201
276,144,229,201
276,144,193,201
325,296,194,202
277,296,194,202
93,244,194,202
180,209,319,203
325,294,319,203
286,294,319,203
295,294,319,203
152,249,185,203
195,249,185,203
241,249,185,203
253,250,185,203
226,189,197,204
174,116,197,204
226,189,217,204
174,116,217,204
226,21,217,204
226,235,217,204
313,235,217,204
226,214,217,204
174,116,68,204
174,82,68,204
168,82,68,204
83,88,179,205
99,88,179,205
83,182,179,205
165,170,63,205
40,56,63,205
290,56,63,205
83,182,190,205
165,170,190,205
122,149,76,206
115,117,76,206
289,117,76,206
243,229,201,207
285,229,201,207
144,229,201,207
276,144,193,207
268,37,232,208
268,37,36,208
17,123,36,208
27,123,36,208
126,30,36,208
240,113,231,208
240,210,231,208
216,210,231,208
185,203,319,209
325,294,319,209
286,294,319,209
295,294,319,209
133,95,180,209
102,95,180,209
310,322,180,209
219,168,216,210
228,168,216,210
82,168,216,210
232,208,231,210
36,208,231,210
226,21,217,211
226,189,217,211
226,235,217,211
313,235,217,211
226,214,217,211
174,116,217,211
82,68,217,211
177,172,48,212
282,172,48,212
218,172,48,212
257,172,48,212
282,61,48,212
218,61,48,212
257,61,48,212
74,61,48,212
282,54,48,212
218,54,48,212
257,54,48,212
282,169,48,212
218,169,48,212
257,169,48,212
198,169,48,212
318,276,176,213
35,276,176,213
144,276,176,213
99,38,176,213
63,170,165,213
190,170,165,213
104,31,165,213
313,235,217,214
174,116,217,214
82,68,217,214
313,235,226,214
313,307,226,214
301,307,226,214
243,229,201,215
285,229,201,215
144,229,201,215
276,144,193,215
113,231,210,216
208,231,210,216
239,231,210,216
113,240,210,216
222,240,210,216
80,219,168,216
246,219,168,216
50,219,168,216
220,228,168,216
174,82,168,216
68,82,168,216
307,226,21,217
307,226,189,217
307,226,235,217
307,313,235,217
324,313,235,217
301,313,235,217
307,226,214,217
220,174,116,217
82,174,116,217
168,82,68,217
268,177,172,218
91,282,172,218
272,48,172,218
212,48,172,218
65,48,172,218
247,257,172,218
91,282,61,218
272,48,61,218
212,48,61,218
65,48,61,218
247,257,61,218
91,282,54,218
272,48,54,218
212,48,54,218
65,48,54,218
247,257,54,218
91,282,169,218
272,48,169,218
212,48,169,218
65,48,169,218
247,257,169,218
142,198,169,218
39,198,169,218
57,198,169,218
210,216,168,219
220,228,168,219
174,82,168,219
68,82,168,219
123,27,80,219
4,27,80,219
221,256,246,219
64,52,50,219
267,72,50,219
197,116,174,220
217,116,174,220
68,116,174,220
68,82,174,220
168,82,174,220
246,256,221,220
274,265,221,220
150,66,221,220
311,66,221,220
216,168,228,220
219,168,228,220
274,265,118,220
219,246,256,221
106,274,265,221
116,174,220,221
82,174,220,221
168,228,220,221
158,150,66,221
81,311,66,221
231,113,240,222
231,210,240,222
216,210,240,222
262,298,233,223
160,151,157,223
160,300,157,223
242,300,157,223
316,300,157,223
263,292,293,223
262,254,293,223
44,306,293,223
226,189,197,224
174,116,197,224
226,189,217,224
174,116,217,224
226,21,217,224
226,235,217,224
313,235,217,224
226,214,217,224
174,116,68,224
174,82,68,224
168,82,68,224
70,55,62,225
283,273,234,225
73,8,234,225
278,5,234,225
324,313,307,226
324,301,307,226
106,301,307,226
94,301,307,226
9,301,307,226
46,301,307,226
6,301,307,226
211,217,21,226
204,217,21,226
197,217,21,226
224,217,21,226
116,217,21,226
68,217,21,226
211,217,189,226
204,217,189,226
197,217,189,226
224,217,189,226
116,217,189,226
68,217,189,226
204,197,189,226
224,197,189,226
116,197,189,226
324,313,235,226
211,217,235,226
204,217,235,226
197,217,235,226
224,217,235,226
116,217,235,226
68,217,235,226
211,217,214,226
204,217,214,226
197,217,214,226
224,217,214,226
116,217,214,226
68,217,214,226
301,106,135,227
44,106,135,227
10,106,135,227
78,106,135,227
274,106,135,227
60,124,135,227
60,69,287,227
245,69,287,227
3,69,287,227
163,87,81,227
248,87,81,227
128,87,81,227
66,311,81,227
210,216,168,228
80,219,168,228
246,219,168,228
50,219,168,228
174,82,168,228
68,82,168,228
116,174,220,228
256,221,220,228
265,221,220,228
66,221,220,228
265,118,220,228
14,193,243,229
129,193,243,229
215,193,243,229
207,193,243,229
33,193,243,229
238,193,243,229
14,193,201,229
129,193,201,229
215,193,201,229
207,193,201,229
33,193,201,229
238,193,201,229
207,215,201,229
215,207,201,229
238,207,201,229
276,318,285,229
250,253,285,229
93,90,285,229
14,193,144,229
129,193,144,229
215,193,144,229
207,193,144,229
33,193,144,229
238,193,144,229
35,276,144,229
176,276,144,229
119,139,108,230
100,139,108,230
152,139,108,230
146,139,108,230
152,249,195,230
185,249,195,230
241,249,195,230
222,240,113,231
37,232,208,231
37,36,208,231
123,36,208,231
30,36,208,231
222,240,210,231
168,216,210,231
123,36,208,232
30,36,208,232
113,231,208,232
210,231,208,232
239,231,208,232
123,36,37,232
30,36,37,232
177,268,37,232
126,268,37,232
254,262,298,233
151,157,223,233
300,157,223,233
254,293,223,233
292,293,223,233
306,293,223,233
45,283,273,234
164,77,225,234
55,62,225,234
154,73,8,234
23,73,8,234
16,278,5,234
159,278,5,234
94,324,313,235
44,324,313,235
10,324,313,235
78,324,313,235
94,301,313,235
106,301,313,235
9,301,313,235
46,301,313,235
6,301,313,235
174,116,217,235
82,68,217,235
60,303,245,236
60,69,245,236
287,69,245,236
3,69,245,236
45,109,97,237
88,83,97,237
182,83,97,237
47,320,97,237
309,320,97,237
179,88,99,237
104,49,99,237
176,38,99,237
229,201,207,238
229,201,193,238
229,243,193,238
229,144,193,238
276,144,193,238
240,113,231,239
232,208,231,239
36,208,231,239
240,210,231,239
216,210,231,239
208,231,113,240
239,231,113,240
208,231,210,240
239,231,210,240
168,216,210,240
304,308,291,241
310,51,291,241
43,51,291,241
139,152,249,241
312,152,249,241
230,195,249,241
203,185,249,241
250,185,249,241
94,324,44,242
313,324,44,242
301,324,44,242
10,324,44,242
78,324,44,242
301,106,44,242
10,106,44,242
78,106,44,242
135,106,44,242
274,106,44,242
301,9,44,242
10,9,44,242
78,9,44,242
186,9,44,242
301,46,44,242
10,46,44,242
78,46,44,242
301,6,44,242
10,6,44,242
78,6,44,242
2,6,44,242
293,306,44,242
150,158,41,242
223,157,300,242
151,157,300,242
151,160,300,242
264,160,300,242
215,201,229,243
207,201,229,243
318,285,229,243
253,285,229,243
90,285,229,243
276,144,229,243
215,201,193,243
207,201,193,243
276,144,193,243
207,215,193,243
215,207,193,243
207,238,193,243
285,90,93,244
325,296,194,244
277,296,194,244
19,202,194,244
124,60,303,245
124,60,69,245
227,287,69,245
191,3,69,245
216,168,219,246
228,168,219,246
82,168,219,246
27,80,219,246
52,50,219,246
72,50,219,246
265,221,256,246
220,221,256,246
66,221,256,246
154,53,59,247
47,53,59,247
86,53,59,247
177,172,257,247
282,172,257,247
48,172,257,247
218,172,257,247
282,61,257,247
48,61,257,247
218,61,257,247
74,61,257,247
282,54,257,247
48,54,257,247
218,54,257,247
282,169,257,247
48,169,257,247
218,169,257,247
198,169,257,247
128,98,188,248
101,163,87,248
328,163,87,248
259,163,87,248
281,163,87,248
143,163,87,248
136,163,87,248
127,163,87,248
105,163,87,248
305,163,87,248
227,81,87,248
311,81,87,248
281,128,87,248
103,128,87,248
275,128,87,248
119,139,152,249
100,139,152,249
146,139,152,249
108,139,152,249
323,312,152,249
270,312,152,249
18,312,152,249
108,230,195,249
319,203,185,249
253,250,185,249
308,291,241,249
51,291,241,249
318,285,253,250
90,285,253,250
229,285,253,250
319,203,185,250
152,249,185,250
195,249,185,250
241,249,185,250
320,309,183,251
320,309,200,251
137,167,200,251
267,167,200,251
323,312,270,252
152,312,270,252
18,312,270,252
323,25,270,252
18,25,270,252
1,18,260,252
42,18,260,252
276,318,285,253
93,90,285,253
243,229,285,253
201,229,285,253
144,229,285,253
203,185,250,253
249,185,250,253
233,298,262,254
233,223,293,254
157,223,293,254
263,292,293,254
44,306,293,254
293,292,263,255
168,219,246,256
80,219,246,256
50,219,246,256
274,265,221,256
118,265,221,256
118,220,221,256
174,220,221,256
228,220,221,256
150,66,221,256
311,66,221,256
268,177,172,257
91,282,172,257
272,48,172,257
212,48,172,257
65,48,172,257
74,218,172,257
91,282,61,257
272,48,61,257
212,48,61,257
65,48,61,257
74,218,61,257
91,282,54,257
272,48,54,257
212,48,54,257
65,48,54,257
74,218,54,257
91,282,169,257
272,48,169,257
212,48,169,257
65,48,169,257
74,218,169,257
142,198,169,257
39,198,169,257
57,198,169,257
53,59,247,257
133,297,266,258
277,297,266,258
301,9,186,259
44,9,186,259
10,9,186,259
324,78,186,259
106,78,186,259
94,78,186,259
46,78,186,259
6,78,186,259
128,281,163,259
128,87,163,259
81,87,163,259
248,87,163,259
323,312,270,260
152,312,270,260
323,25,270,260
323,312,18,260
152,312,18,260
323,25,18,260
323,1,18,260
323,42,18,260
271,42,18,260
20,145,130,261
20,89,130,261
96,12,130,261
187,12,130,261
294,295,130,261
20,89,161,261
96,12,161,261
187,12,161,261
20,166,161,261
153,162,314,261
279,111,314,261
20,89,269,261
96,12,269,261
187,12,269,261
84,187,269,261
20,89,299,261
96,12,299,261
187,12,299,261
286,279,299,261
223,233,298,262
67,233,298,262
223,293,254,262
292,293,254,262
306,293,254,262
223,293,292,263
254,293,292,263
306,293,292,263
62,55,70,264
3,191,70,264
157,151,160,264
157,300,160,264
242,300,160,264
316,300,160,264
301,106,274,265
44,106,274,265
10,106,274,265
135,106,274,265
78,106,274,265
246,256,221,265
174,220,221,265
228,220,221,265
150,66,221,265
311,66,221,265
174,220,118,265
228,220,118,265
95,133,297,266
296,277,297,266
251,200,167,267
148,200,167,267
309,200,167,267
134,137,167,267
53,154,75,267
73,154,75,267
52,50,72,267
219,50,72,267
282,172,177,268
48,172,177,268
218,172,177,268
257,172,177,268
208,232,37,268
208,36,37,268
123,36,37,268
30,36,37,268
282,91,126,268
289,91,126,268
58,141,126,268
20,145,327,269
295,130,327,269
20,161,327,269
166,161,327,269
279,299,327,269
96,84,187,269
295,130,89,269
20,161,89,269
166,161,89,269
279,299,89,269
166,20,89,269
295,130,261,269
20,161,261,269
166,161,261,269
279,299,261,269
162,314,261,269
111,314,261,269
295,130,12,269
20,161,12,269
166,161,12,269
279,299,12,269
175,96,12,269
1,323,312,270
42,323,312,270
139,152,312,270
249,152,312,270
1,18,312,270
42,18,312,270
1,18,260,270
42,18,260,270
1,323,25,270
42,323,25,270
1,18,25,270
42,18,25,270
119,139,100,271
152,139,100,271
146,139,100,271
108,139,100,271
1,323,42,271
312,323,42,271
25,323,42,271
1,18,42,271
312,18,42,271
25,18,42,271
260,18,42,271
177,172,48,272
282,172,48,272
218,172,48,272
257,172,48,272
282,61,48,272
218,61,48,272
257,61,48,272
74,61,48,272
282,54,48,272
218,54,48,272
257,54,48,272
282,169,48,272
218,169,48,272
257,169,48,272
198,169,48,272
134,45,283,273
28,45,283,273
109,45,283,273
77,225,234,273
62,225,234,273
73,8,234,273
278,5,234,273
324,301,106,274
94,301,106,274
313,301,106,274
307,301,106,274
9,301,106,274
46,301,106,274
6,301,106,274
324,44,106,274
9,44,106,274
46,44,106,274
6,44,106,274
242,44,106,274
316,44,106,274
32,44,106,274
306,44,106,274
324,10,106,274
9,10,106,274
46,10,106,274
6,10,106,274
13,10,106,274
124,135,106,274
227,135,106,274
324,78,106,274
94,78,106,274
9,78,106,274
46,78,106,274
6,78,106,274
101,78,106,274
186,78,106,274
127,78,106,274
256,221,265,274
220,221,265,274
66,221,265,274
220,118,265,274
163,281,128,275
188,98,128,275
163,87,128,275
81,87,128,275
248,87,128,275
253,285,318,276
90,285,318,276
229,285,318,276
45,28,35,276
99,38,176,276
165,213,176,276
243,229,144,276
201,229,144,276
243,193,144,276
201,193,144,276
14,193,144,276
129,193,144,276
215,193,144,276
207,193,144,276
33,193,144,276
238,193,144,276
294,325,296,277
244,194,296,277
202,194,296,277
95,133,297,277
288,266,297,277
258,266,297,277
64,11,16,278
23,11,16,278
273,234,5,278
225,234,5,278
8,234,5,278
17,24,159,278
325,294,286,279
319,294,286,279
295,294,286,279
162,314,111,279
261,314,111,279
145,327,299,279
138,327,299,279
130,327,299,279
161,327,299,279
269,327,299,279
130,89,299,279
161,89,299,279
269,89,299,279
20,89,299,279
130,261,299,279
161,261,299,279
269,261,299,279
130,12,299,279
161,12,299,279
269,12,299,279
96,12,299,279
187,12,299,279
18,260,252,280
18,260,270,280
18,312,270,280
323,312,270,280
152,312,270,280
18,25,270,280
323,25,270,280
186,101,163,281
78,101,163,281
186,259,163,281
81,87,163,281
248,87,163,281
186,143,163,281
186,136,163,281
186,127,163,281
78,127,163,281
186,105,163,281
186,305,163,281
81,87,128,281
248,87,128,281
188,98,128,281
268,177,172,282
272,48,172,282
212,48,172,282
65,48,172,282
74,218,172,282
247,257,172,282
268,126,91,282
141,126,91,282
30,126,91,282
181,289,91,282
117,289,91,282
272,48,61,282
212,48,61,282
65,48,61,282
74,218,61,282
247,257,61,282
272,48,54,282
212,48,54,282
65,48,54,282
74,218,54,282
247,257,54,282
272,48,169,282
212,48,169,282
65,48,169,282
74,218,169,282
247,257,169,282
142,198,169,282
39,198,169,282
57,198,169,282
7,134,45,283
137,134,45,283
35,28,45,283
97,109,45,283
225,234,273,283
8,234,273,283
5,234,273,283
95,102,107,284
199,192,107,284
104,92,184,284
64,85,184,284
110,85,184,284
56,290,184,284
178,15,34,284
22,15,34,284
71,15,34,284
86,15,34,284
321,15,34,284
35,276,318,285
176,276,318,285
144,276,318,285
185,250,253,285
244,93,90,285
193,243,229,285
193,201,229,285
215,201,229,285
207,201,229,285
193,144,229,285
314,111,279,286
327,299,279,286
89,299,279,286
261,299,279,286
12,299,279,286
296,325,294,286
209,319,294,286
203,319,294,286
130,295,294,286
303,245,69,287
79,245,69,287
236,245,69,287
303,60,69,287
124,60,69,287
191,3,69,287
124,135,227,287
106,135,227,287
87,81,227,287
311,81,227,287
133,297,266,288
277,297,266,288
141,58,181,289
122,58,181,289
172,282,91,289
61,282,91,289
54,282,91,289
169,282,91,289
141,126,91,289
268,126,91,289
30,126,91,289
149,76,117,289
206,76,117,289
317,115,117,289
29,40,56,290
170,63,56,290
205,63,56,290
104,92,184,290
64,85,184,290
110,85,184,290
107,284,184,290
34,284,184,290
322,310,51,291
152,249,241,291
195,249,241,291
185,249,241,291
233,223,293,292
157,223,293,292
262,254,293,292
44,306,293,292
298,233,223,293
67,233,223,293
151,157,223,293
300,157,223,293
125,263,292,293
255,263,292,293
298,262,254,293
324,44,306,293
106,44,306,293
9,44,306,293
46,44,306,293
6,44,306,293
242,44,306,293
316,44,306,293
32,44,306,293
277,296,325,294
194,296,325,294
180,209,319,294
185,203,319,294
111,279,286,294
299,279,286,294
145,130,295,294
138,130,295,294
327,130,295,294
89,130,295,294
261,130,295,294
12,130,295,294
20,145,130,295
161,327,130,295
269,327,130,295
299,327,130,295
20,89,130,295
161,89,130,295
269,89,130,295
299,89,130,295
161,261,130,295
269,261,130,295
299,261,130,295
314,261,130,295
161,12,130,295
269,12,130,295
299,12,130,295
96,12,130,295
187,12,130,295
296,325,294,295
209,319,294,295
203,319,294,295
279,286,294,295
319,294,325,296
286,294,325,296
295,294,325,296
133,297,277,296
266,297,277,296
93,244,194,296
19,202,194,296
102,95,133,297
180,95,133,297
325,296,277,297
194,296,277,297
157,223,233,298
293,223,233,298
293,254,262,298
20,145,327,299
295,130,327,299
20,161,327,299
166,161,327,299
171,269,327,299
187,269,327,299
121,269,327,299
315,269,327,299
294,286,279,299
314,111,279,299
295,130,89,299
20,161,89,299
166,161,89,299
171,269,89,299
187,269,89,299
121,269,89,299
315,269,89,299
166,20,89,299
295,130,261,299
20,161,261,299
166,161,261,299
171,269,261,299
187,269,261,299
121,269,261,299
315,269,261,299
162,314,261,299
295,130,12,299
20,161,12,299
166,161,12,299
171,269,12,299
187,269,12,299
121,269,12,299
315,269,12,299
84,96,12,299
175,96,12,299
84,187,12,299
324,44,242,300
106,44,242,300
9,44,242,300
46,44,242,300
6,44,242,300
32,44,242,300
306,44,242,300
32,41,242,300
158,41,242,300
324,44,316,300
106,44,316,300
9,44,316,300
46,44,316,300
6,44,316,300
32,44,316,300
306,44,316,300
233,223,157,300
293,223,157,300
70,264,160,300
242,44,324,301
316,44,324,301
32,44,324,301
306,44,324,301
13,10,324,301
101,78,324,301
186,78,324,301
127,78,324,301
242,44,106,301
316,44,106,301
32,44,106,301
306,44,106,301
13,10,106,301
101,78,106,301
186,78,106,301
127,78,106,301
124,135,106,301
227,135,106,301
265,274,106,301
101,78,94,301
186,78,94,301
127,78,94,301
217,235,313,301
226,235,313,301
21,226,307,301
189,226,307,301
214,226,307,301
242,44,9,301
316,44,9,301
32,44,9,301
306,44,9,301
13,10,9,301
101,78,9,301
186,78,9,301
127,78,9,301
101,186,9,301
127,186,9,301
259,186,9,301
143,186,9,301
136,186,9,301
105,186,9,301
305,186,9,301
242,44,46,301
316,44,46,301
32,44,46,301
306,44,46,301
13,10,46,301
101,78,46,301
186,78,46,301
127,78,46,301
242,44,6,301
316,44,6,301
32,44,6,301
306,44,6,301
13,10,6,301
101,78,6,301
186,78,6,301
127,78,6,301
13,2,6,301
120,2,6,301
196,2,6,301
114,120,147,302
132,120,147,302
2,120,147,302
132,13,147,302
2,13,147,302
10,13,147,302
132,196,147,302
2,196,147,302
287,69,245,303
3,69,245,303
287,69,60,303
3,69,60,303
135,124,60,303
51,291,308,304
241,291,308,304
301,9,186,305
44,9,186,305
10,9,186,305
324,78,186,305
106,78,186,305
94,78,186,305
46,78,186,305
6,78,186,305
128,281,163,305
128,87,163,305
81,87,163,305
248,87,163,305
94,324,44,306
313,324,44,306
301,324,44,306
10,324,44,306
78,324,44,306
301,106,44,306
10,106,44,306
78,106,44,306
135,106,44,306
274,106,44,306
301,9,44,306
10,9,44,306
78,9,44,306
186,9,44,306
301,46,44,306
10,46,44,306
78,46,44,306
301,6,44,306
10,6,44,306
78,6,44,306
2,6,44,306
41,242,44,306
300,242,44,306
300,316,44,306
41,32,44,306
233,223,293,306
157,223,293,306
263,292,293,306
262,254,293,306
94,324,313,307
44,324,313,307
10,324,313,307
78,324,313,307
217,235,313,307
94,324,301,307
44,324,301,307
10,324,301,307
78,324,301,307
44,106,301,307
10,106,301,307
78,106,301,307
135,106,301,307
274,106,301,307
78,94,301,307
44,9,301,307
10,9,301,307
78,9,301,307
186,9,301,307
44,46,301,307
10,46,301,307
78,46,301,307
44,6,301,307
10,6,301,307
78,6,301,307
2,6,301,307
217,235,226,307
217,21,226,307
217,189,226,307
197,189,226,307
217,214,226,307
310,51,291,308
43,51,291,308
249,241,291,308
53,47,320,309
173,47,320,309
109,97,320,309
83,97,320,309
237,97,320,309
137,167,200,309
267,167,200,309
209,180,322,310
95,180,322,310
308,291,51,310
241,291,51,310
135,227,81,311
287,227,81,311
163,87,81,311
248,87,81,311
128,87,81,311
158,150,66,311
256,221,66,311
265,221,66,311
220,221,66,311
271,42,323,312
119,139,152,312
100,139,152,312
146,139,152,312
108,139,152,312
195,249,152,312
185,249,152,312
241,249,152,312
271,42,18,312
106,44,324,313
9,44,324,313
46,44,324,313
6,44,324,313
242,44,324,313
316,44,324,313
32,44,324,313
306,44,324,313
106,10,324,313
9,10,324,313
46,10,324,313
6,10,324,313
13,10,324,313
106,78,324,313
9,78,324,313
46,78,324,313
6,78,324,313
101,78,324,313
186,78,324,313
127,78,324,313
21,226,307,313
189,226,307,313
214,226,307,313
135,106,301,313
274,106,301,313
186,9,301,313
6,46,301,313
46,6,301,313
2,6,301,313
21,226,235,313
189,226,235,313
214,226,235,313
21,217,235,313
189,217,235,313
214,217,235,313
211,217,235,313
204,217,235,313
197,217,235,313
224,217,235,313
116,217,235,313
68,217,235,313
145,130,261,314
138,130,261,314
327,130,261,314
89,130,261,314
12,130,261,314
295,130,261,314
327,161,261,314
89,161,261,314
12,161,261,314
166,161,261,314
20,161,261,314
327,269,261,314
89,269,261,314
12,269,261,314
171,269,261,314
187,269,261,314
121,269,261,314
315,269,261,314
327,299,261,314
89,299,261,314
12,299,261,314
279,299,261,314
286,279,111,314
145,327,269,315
138,327,269,315
130,327,269,315
161,327,269,315
299,327,269,315
84,187,269,315
130,89,269,315
161,89,269,315
299,89,269,315
20,89,269,315
130,261,269,315
161,261,269,315
299,261,269,315
314,261,269,315
130,12,269,315
161,12,269,315
299,12,269,315
96,12,269,315
94,324,44,316
313,324,44,316
301,324,44,316
10,324,44,316
78,324,44,316
301,106,44,316
10,106,44,316
78,106,44,316
135,106,44,316
274,106,44,316
301,9,44,316
10,9,44,316
78,9,44,316
186,9,44,316
301,46,44,316
10,46,44,316
78,46,44,316
301,6,44,316
10,6,44,316
78,6,44,316
2,6,44,316
41,242,44,316
41,32,44,316
293,306,44,316
41,242,300,316
223,157,300,316
151,157,300,316
151,160,300,316
264,160,300,316
76,117,115,317
289,117,115,317
250,253,285,318
93,90,285,318
243,229,285,318
201,229,285,318
144,229,285,318
28,35,276,318
38,176,276,318
213,176,276,318
193,144,276,318
95,180,209,319
322,180,209,319
249,185,203,319
250,185,203,319
296,325,294,319
279,286,294,319
130,295,294,319
154,53,47,320
59,53,47,320
86,53,47,320
86,173,47,320
178,173,47,320
22,173,47,320
321,173,47,320
45,109,97,320
88,83,97,320
182,83,97,320
99,237,97,320
251,183,309,320
251,200,309,320
148,200,309,320
167,200,309,320
29,22,15,321
104,71,15,321
53,86,15,321
284,34,15,321
29,22,173,321
53,86,173,321
53,47,173,321
320,47,173,321
291,51,310,322
43,51,310,322
319,209,180,322
133,95,180,322
102,95,180,322
260,18,1,323
260,18,312,323
139,152,312,323
249,152,312,323
260,270,312,323
252,270,312,323
280,270,312,323
260,18,42,323
100,271,42,323
260,18,25,323
260,270,25,323
252,270,25,323
280,270,25,323
226,307,313,324
226,235,313,324
217,235,313,324
226,307,301,324
135,106,301,324
274,106,301,324
186,9,301,324
2,6,301,324
135,106,44,324
274,106,44,324
186,9,44,324
2,6,44,324
41,242,44,324
300,242,44,324
300,316,44,324
41,32,44,324
293,306,44,324
135,106,10,324
274,106,10,324
186,9,10,324
2,6,10,324
2,13,10,324
147,13,10,324
132,13,10,324
135,106,78,324
274,106,78,324
186,9,78,324
2,6,78,324
186,101,78,324
163,101,78,324
259,186,78,324
143,186,78,324
136,186,78,324
105,186,78,324
305,186,78,324
186,127,78,324
163,127,78,324
297,277,296,325
244,194,296,325
202,194,296,325
209,319,294,325
203,319,294,325
279,286,294,325
130,295,294,325
114,120,147,326
132,120,147,326
2,120,147,326
132,13,147,326
2,13,147,326
10,13,147,326
132,196,147,326
2,196,147,326
166,20,145,327
89,20,145,327
314,261,130,327
96,12,130,327
187,12,130,327
294,295,130,327
166,20,161,327
89,20,161,327
314,261,161,327
96,12,161,327
187,12,161,327
314,261,269,327
96,12,269,327
187,12,269,327
84,187,269,327
314,261,299,327
96,12,299,327
187,12,299,327
286,279,299,327
111,279,299,327
186,101,163,328
78,101,163,328
186,259,163,328
128,281,163,328
128,87,163,328
81,87,163,328
248,87,163,328
186,143,163,328
186,136,163,328
186,127,163,328
78,127,163,328
186,105,163,328
186,305,163,328
